, Trial_ID,pos,Percent_Captures,Capture_Count,RSSI,Time_to_Discovery,Trial,Listener Latency,Adv Latency,Adv Power
0,1.0,1.2,0.10105155167991793,394.0,-75.28934010152284,2720.0,1.0,Balanced,Balanced,High
1,1.0,2.4,0.0979738394460118,382.0,-87.58638743455498,2722.0,1.0,Balanced,Balanced,High
2,1.0,3.6,0.11797896896640166,460.0,-86.20869565217392,2720.0,1.0,Balanced,Balanced,High
3,1.0,4.8,0.10233393177737883,399.0,-88.38345864661656,2721.0,1.0,Balanced,Balanced,High
4,1.0,6.0,0.10233393177737883,399.0,-83.86466165413533,2720.0,1.0,Balanced,Balanced,High
5,1.0,7.199999999999998,0.10797640420620673,421.0,-86.30166270783847,2720.0,1.0,Balanced,Balanced,High
6,1.0,8.4,0.12028725314183125,469.0,-89.33475479744136,2720.0,1.0,Balanced,Balanced,High
7,1.0,9.6,0.10797640420620673,421.0,-89.65320665083134,2720.0,1.0,Balanced,Balanced,High
8,1.0,10.8,0.06386252885355219,249.0,-97.65461847389557,2720.0,1.0,Balanced,Balanced,High
9,1.0,12.0,0.07822518594511413,305.0,-97.96721311475409,2722.0,1.0,Balanced,Balanced,High
10,2.0,1.2,0.11960043196544275,443.0,-83.04740406320542,1398.0,2.0,Balanced,Balanced,Medium
11,2.0,2.4,0.08018358531317495,297.0,-94.56228956228956,1399.0,2.0,Balanced,Balanced,Medium
12,2.0,3.6,0.091792656587473,340.0,-93.43235294117649,1399.0,2.0,Balanced,Balanced,Medium
13,2.0,4.8,0.08423326133909287,312.0,-96.67628205128206,1399.0,2.0,Balanced,Balanced,Medium
14,2.0,6.0,0.12661987041036718,469.0,-89.44136460554371,1399.0,2.0,Balanced,Balanced,Medium
15,2.0,7.199999999999998,0.11906047516198705,441.0,-89.95238095238096,1399.0,2.0,Balanced,Balanced,Medium
16,2.0,8.4,0.11177105831533478,414.0,-94.55314009661836,1399.0,2.0,Balanced,Balanced,Medium
17,2.0,9.6,0.11744060475161988,435.0,-94.0574712643678,1399.0,2.0,Balanced,Balanced,Medium
18,2.0,10.8,0.0939524838012959,348.0,-98.66666666666669,1399.0,2.0,Balanced,Balanced,Medium
19,2.0,12.0,0.05534557235421166,205.0,-99.95121951219512,1399.0,2.0,Balanced,Balanced,Medium
20,3.0,1.2,0.1929337038507344,486.0,-88.77777777777777,259.0,3.0,Balanced,Balanced,Low
21,3.0,2.4,0.07105994442238983,179.0,-96.71508379888269,258.0,3.0,Balanced,Balanced,Low
22,3.0,3.6,0.09765780071456928,246.0,-97.5081300813008,259.0,3.0,Balanced,Balanced,Low
23,3.0,4.8,0.025803890432711397,65.0,-100.01538461538462,255.0,3.0,Balanced,Balanced,Low
24,3.0,6.0,0.18816990869392616,474.0,-95.06329113924049,259.0,3.0,Balanced,Balanced,Low
25,3.0,7.199999999999998,0.1925367209210004,485.0,-96.05773195876287,259.0,3.0,Balanced,Balanced,Low
26,3.0,8.4,0.0980547836443033,247.0,-99.47368421052632,259.0,3.0,Balanced,Balanced,Low
27,3.0,9.6,0.12504962286621674,315.0,-97.95555555555555,259.0,3.0,Balanced,Balanced,Low
28,3.0,10.8,0.00793965859468043,20.0,-101.8,210.0,3.0,Balanced,Balanced,Low
29,3.0,12.0,0.0007939658594680427,2.0,-104.5,227.0,3.0,Balanced,Balanced,Low
30,4.0,1.2,0.8716981132075472,462.0,-98.24025974025976,4760.0,4.0,Balanced,Balanced,Ultra_low
31,4.0,3.6,0.016981132075471698,9.0,-102.33333333333331,4797.0,4.0,Balanced,Balanced,Ultra_low
32,4.0,6.0,0.0509433962264151,27.0,-101.8148148148148,4776.0,4.0,Balanced,Balanced,Ultra_low
33,4.0,7.199999999999998,0.054716981132075466,29.0,-102.24137931034485,4767.0,4.0,Balanced,Balanced,Ultra_low
34,4.0,9.6,0.005660377358490566,3.0,-103.0,4927.0,4.0,Balanced,Balanced,Ultra_low
35,5.0,1.2,0.12503290339563042,950.0,-79.9557894736842,4579.0,5.0,Balanced,Low_Latency,High
36,5.0,2.4,0.10397473019215583,790.0,-90.32025316455696,4579.0,5.0,Balanced,Low_Latency,High
37,5.0,3.6,0.0916030534351145,696.0,-89.3692528735632,4579.0,5.0,Balanced,Low_Latency,High
38,5.0,4.8,0.12042642800737036,915.0,-94.5825136612022,4579.0,5.0,Balanced,Low_Latency,High
39,5.0,6.0,0.11674124769676232,887.0,-85.89289740698986,4579.0,5.0,Balanced,Low_Latency,High
40,5.0,7.199999999999998,0.1280600157936299,973.0,-87.42857142857143,4579.0,5.0,Balanced,Low_Latency,High
41,5.0,8.4,0.10910765991050277,829.0,-90.90470446320869,4579.0,5.0,Balanced,Low_Latency,High
42,5.0,9.6,0.09949986838641747,756.0,-89.75793650793649,4579.0,5.0,Balanced,Low_Latency,High
43,5.0,10.8,0.044222163727296655,336.0,-98.36904761904762,4579.0,5.0,Balanced,Low_Latency,High
44,5.0,12.0,0.061331929455119776,466.0,-99.43776824034336,4579.0,5.0,Balanced,Low_Latency,High
45,6.0,1.2,0.1491377971104552,960.0,-86.05,3799.0,6.0,Balanced,Low_Latency,Medium
46,6.0,2.4,0.09926984620164674,639.0,-96.57746478873241,3799.0,6.0,Balanced,Low_Latency,Medium
47,6.0,3.6,0.11915488581637408,767.0,-94.57105606258148,3799.0,6.0,Balanced,Low_Latency,Medium
48,6.0,4.8,0.09072549324219358,584.0,-99.21917808219177,3799.0,6.0,Balanced,Low_Latency,Medium
49,6.0,6.0,0.14230231474289265,916.0,-92.65174672489084,3799.0,6.0,Balanced,Low_Latency,Medium
50,6.0,7.199999999999998,0.15069131583035575,970.0,-93.17835051546392,3799.0,6.0,Balanced,Low_Latency,Medium
51,6.0,8.4,0.1343793692713997,865.0,-97.10751445086706,3799.0,6.0,Balanced,Low_Latency,Medium
52,6.0,9.6,0.10750349541711976,692.0,-95.78468208092484,3799.0,6.0,Balanced,Low_Latency,Medium
53,6.0,10.8,0.0029516855678110927,19.0,-101.94736842105264,3795.0,6.0,Balanced,Low_Latency,Medium
54,6.0,12.0,0.0038837967997514366,25.0,-101.32,3795.0,6.0,Balanced,Low_Latency,Medium
55,7.0,1.2,0.1986641221374046,1041.0,-89.34101825168108,700.0,7.0,Balanced,Low_Latency,Low
56,7.0,2.4,0.08110687022900763,425.0,-97.72,700.0,7.0,Balanced,Low_Latency,Low
57,7.0,3.6,0.08759541984732824,459.0,-98.01960784313722,701.0,7.0,Balanced,Low_Latency,Low
58,7.0,4.8,0.015648854961832062,82.0,-100.54878048780488,706.0,7.0,Balanced,Low_Latency,Low
59,7.0,6.0,0.18206106870229008,954.0,-95.66142557651993,700.0,7.0,Balanced,Low_Latency,Low
60,7.0,7.199999999999998,0.1946564885496183,1020.0,-95.91176470588236,700.0,7.0,Balanced,Low_Latency,Low
61,7.0,8.4,0.10286259541984732,539.0,-99.94990723562151,700.0,7.0,Balanced,Low_Latency,Low
62,7.0,9.6,0.13091603053435116,686.0,-98.65743440233236,700.0,7.0,Balanced,Low_Latency,Low
63,7.0,10.8,0.0064885496183206106,34.0,-102.67647058823529,716.0,7.0,Balanced,Low_Latency,Low
64,8.0,1.2,0.5412345679012346,1096.0,-95.5456204379562,1900.0,8.0,Balanced,Low_Latency,Ultra_low
65,8.0,2.4,0.03358024691358025,68.0,-101.67647058823529,1900.0,8.0,Balanced,Low_Latency,Ultra_low
66,8.0,3.6,0.054814814814814816,111.0,-101.29729729729729,1901.0,8.0,Balanced,Low_Latency,Ultra_low
67,8.0,6.0,0.19950617283950614,404.0,-99.76980198019804,1901.0,8.0,Balanced,Low_Latency,Ultra_low
68,8.0,7.199999999999998,0.16246913580246913,329.0,-99.62006079027357,1900.0,8.0,Balanced,Low_Latency,Ultra_low
69,8.0,8.4,0.0014814814814814814,3.0,-103.66666666666669,2061.0,8.0,Balanced,Low_Latency,Ultra_low
70,8.0,9.6,0.0069135802469135815,14.0,-103.07142857142857,1903.0,8.0,Balanced,Low_Latency,Ultra_low
71,9.0,1.2,0.11753371868978806,122.0,-76.71311475409836,2624.0,9.0,Balanced,Low_Power,High
72,9.0,2.4,0.12427745664739885,129.0,-90.56589147286822,2620.0,9.0,Balanced,Low_Power,High
73,9.0,3.6,0.1184971098265896,123.0,-87.96747967479675,2622.0,9.0,Balanced,Low_Power,High
74,9.0,4.8,0.08766859344894026,91.0,-92.54945054945057,2622.0,9.0,Balanced,Low_Power,High
75,9.0,6.0,0.12620423892100194,131.0,-94.9618320610687,2622.0,9.0,Balanced,Low_Power,High
76,9.0,7.199999999999998,0.10982658959537572,114.0,-84.34210526315789,2621.0,9.0,Balanced,Low_Power,High
77,9.0,8.4,0.07129094412331406,74.0,-99.68918918918921,2622.0,9.0,Balanced,Low_Power,High
78,9.0,9.6,0.1329479768786127,138.0,-87.47101449275362,2620.0,9.0,Balanced,Low_Power,High
79,9.0,10.8,0.1117533718689788,116.0,-92.29310344827586,2622.0,9.0,Balanced,Low_Power,High
80,10.0,1.2,0.11597151576805695,114.0,-83.13157894736842,3401.0,10.0,Balanced,Low_Power,Medium
81,10.0,2.4,0.08240081383519837,81.0,-94.71604938271605,3400.0,10.0,Balanced,Low_Power,Medium
82,10.0,3.6,0.09766022380467956,96.0,-93.33333333333331,3406.0,10.0,Balanced,Low_Power,Medium
83,10.0,4.8,0.06307222787385554,62.0,-97.43548387096773,3402.0,10.0,Balanced,Low_Power,Medium
84,10.0,6.0,0.12614445574771108,124.0,-89.08870967741936,3401.0,10.0,Balanced,Low_Power,Medium
85,10.0,7.199999999999998,0.11495422177009156,113.0,-90.141592920354,3400.0,10.0,Balanced,Low_Power,Medium
86,10.0,8.4,0.11495422177009156,113.0,-94.61061946902656,3400.0,10.0,Balanced,Low_Power,Medium
87,10.0,9.6,0.1190233977619532,117.0,-94.01709401709402,3400.0,10.0,Balanced,Low_Power,Medium
88,10.0,10.8,0.09053916581892167,89.0,-98.21348314606743,3400.0,10.0,Balanced,Low_Power,Medium
89,10.0,12.0,0.0752797558494405,74.0,-99.66216216216215,3401.0,10.0,Balanced,Low_Power,Medium
90,11.0,1.2,0.1851851851851852,130.0,-88.22307692307692,4481.0,11.0,Balanced,Low_Power,Low
91,11.0,2.4,0.09686609686609686,68.0,-98.10294117647058,4480.0,11.0,Balanced,Low_Power,Low
92,11.0,3.6,0.1225071225071225,86.0,-97.33720930232558,4480.0,11.0,Balanced,Low_Power,Low
93,11.0,4.8,0.018518518518518517,13.0,-100.3846153846154,4486.0,11.0,Balanced,Low_Power,Low
94,11.0,6.0,0.1737891737891738,122.0,-95.22131147540985,4483.0,11.0,Balanced,Low_Power,Low
95,11.0,7.199999999999998,0.1737891737891738,122.0,-96.18032786885244,4481.0,11.0,Balanced,Low_Power,Low
96,11.0,8.4,0.10826210826210826,76.0,-99.5394736842105,4481.0,11.0,Balanced,Low_Power,Low
97,11.0,9.6,0.10541310541310543,74.0,-98.43243243243244,4480.0,11.0,Balanced,Low_Power,Low
98,11.0,10.8,0.015669515669515667,11.0,-102.45454545454544,4533.0,11.0,Balanced,Low_Power,Low
99,12.0,1.2,0.4573643410852713,118.0,-94.42372881355931,3718.0,12.0,Balanced,Low_Power,Ultra_low
100,12.0,2.4,0.1124031007751938,29.0,-100.93103448275862,3718.0,12.0,Balanced,Low_Power,Ultra_low
101,12.0,3.6,0.03875968992248062,10.0,-101.3,3711.0,12.0,Balanced,Low_Power,Ultra_low
102,12.0,6.0,0.1821705426356589,47.0,-99.61702127659576,3719.0,12.0,Balanced,Low_Power,Ultra_low
103,12.0,7.199999999999998,0.14728682170542634,38.0,-98.86842105263158,3704.0,12.0,Balanced,Low_Power,Ultra_low
104,12.0,8.4,0.015503875968992246,4.0,-102.75,3630.0,12.0,Balanced,Low_Power,Ultra_low
105,12.0,9.6,0.04651162790697674,12.0,-102.5,3671.0,12.0,Balanced,Low_Power,Ultra_low
106,14.0,1.2,0.12518778167250874,750.0,-81.91199999999999,2219.0,14.0,Low_Latency,Balanced,Medium
107,14.0,2.4,0.1170088466032382,701.0,-96.3323823109843,2219.0,14.0,Low_Latency,Balanced,Medium
108,14.0,3.6,0.08913370055082624,534.0,-94.9119850187266,2219.0,14.0,Low_Latency,Balanced,Medium
109,14.0,4.8,0.03355032548823235,201.0,-98.24875621890548,2215.0,14.0,Low_Latency,Balanced,Medium
110,14.0,6.0,0.12034718744783846,721.0,-88.37170596393898,2219.0,14.0,Low_Latency,Balanced,Medium
111,14.0,7.199999999999998,0.13770655983975966,825.0,-90.10060606060604,2219.0,14.0,Low_Latency,Balanced,Medium
112,14.0,8.4,0.11233516942079788,673.0,-94.66419019316493,2219.0,14.0,Low_Latency,Balanced,Medium
113,14.0,9.6,0.1255216157569688,752.0,-93.81117021276596,2219.0,14.0,Low_Latency,Balanced,Medium
114,14.0,10.8,0.06793523618761475,407.0,-97.84520884520883,2219.0,14.0,Low_Latency,Balanced,Medium
115,14.0,12.0,0.07127357703221499,427.0,-99.2576112412178,2219.0,14.0,Low_Latency,Balanced,Medium
116,15.0,1.2,0.1998972250770812,778.0,-88.48071979434447,1499.0,15.0,Low_Latency,Balanced,Low
117,15.0,2.4,0.08093525179856115,315.0,-100.7015873015873,1499.0,15.0,Low_Latency,Balanced,Low
118,15.0,3.6,0.014645426515930112,57.0,-102.38596491228071,1497.0,15.0,Low_Latency,Balanced,Low
119,15.0,4.8,0.052672147995889006,205.0,-99.82926829268291,1499.0,15.0,Low_Latency,Balanced,Low
120,15.0,6.0,0.1991264131551901,775.0,-93.97548387096774,1499.0,15.0,Low_Latency,Balanced,Low
121,15.0,7.199999999999998,0.2155704008221994,839.0,-95.98331346841478,1499.0,15.0,Low_Latency,Balanced,Low
122,15.0,8.4,0.105344295991778,410.0,-99.58536585365853,1499.0,15.0,Low_Latency,Balanced,Low
123,15.0,9.6,0.12589928057553956,490.0,-98.7530612244898,1499.0,15.0,Low_Latency,Balanced,Low
124,15.0,10.8,0.00539568345323741,21.0,-102.38095238095238,1482.0,15.0,Low_Latency,Balanced,Low
125,15.0,12.0,0.0005138746145940392,2.0,-103.5,1442.0,15.0,Low_Latency,Balanced,Low
126,16.0,1.2,0.5106796116504855,789.0,-94.52598225602028,539.0,16.0,Low_Latency,Balanced,Ultra_low
127,16.0,6.0,0.3029126213592233,468.0,-99.58974358974359,539.0,16.0,Low_Latency,Balanced,Ultra_low
128,16.0,7.199999999999998,0.1656957928802589,256.0,-99.09765625,539.0,16.0,Low_Latency,Balanced,Ultra_low
129,16.0,8.4,0.0012944983818770227,2.0,-102.5,445.0,16.0,Low_Latency,Balanced,Ultra_low
130,16.0,9.6,0.019417475728155338,30.0,-102.7,528.0,16.0,Low_Latency,Balanced,Ultra_low
131,17.0,1.2,0.09990697674418604,1611.0,-75.37554314090627,1500.0,17.0,Low_Latency,Low_Latency,High
132,17.0,2.4,0.10610852713178294,1711.0,-87.2273524254822,1500.0,17.0,Low_Latency,Low_Latency,High
133,17.0,3.6,0.06734883720930232,1086.0,-92.13627992633518,1500.0,17.0,Low_Latency,Low_Latency,High
134,17.0,4.8,0.1093953488372093,1764.0,-90.97562358276643,1500.0,17.0,Low_Latency,Low_Latency,High
135,17.0,6.0,0.11534883720930232,1860.0,-80.13225806451612,1500.0,17.0,Low_Latency,Low_Latency,High
136,17.0,7.199999999999998,0.10251162790697674,1653.0,-82.51845130066546,1500.0,17.0,Low_Latency,Low_Latency,High
137,17.0,8.4,0.09457364341085273,1525.0,-88.36327868852459,1500.0,17.0,Low_Latency,Low_Latency,High
138,17.0,9.6,0.11063565891472868,1784.0,-85.97533632286995,1500.0,17.0,Low_Latency,Low_Latency,High
139,17.0,10.8,0.10902325581395347,1758.0,-92.86120591581344,1500.0,17.0,Low_Latency,Low_Latency,High
140,17.0,12.0,0.08514728682170543,1373.0,-95.27603787327021,1500.0,17.0,Low_Latency,Low_Latency,High
141,18.0,1.2,0.1025433448019969,1520.0,-80.60592105263156,2400.0,18.0,Low_Latency,Low_Latency,Medium
142,18.0,2.4,0.10888484112527827,1614.0,-93.5743494423792,2400.0,18.0,Low_Latency,Low_Latency,Medium
143,18.0,3.6,0.08203467584159753,1216.0,-95.20805921052632,2400.0,18.0,Low_Latency,Low_Latency,Medium
144,18.0,4.8,0.09269378668285773,1374.0,-95.05094614264921,2400.0,18.0,Low_Latency,Low_Latency,Medium
145,18.0,6.0,0.1245361937529515,1846.0,-86.56446370530878,2400.0,18.0,Low_Latency,Low_Latency,Medium
146,18.0,7.199999999999998,0.12871888281724347,1908.0,-88.96540880503143,2400.0,18.0,Low_Latency,Low_Latency,Medium
147,18.0,8.4,0.13337381096943934,1977.0,-94.25442589782499,2400.0,18.0,Low_Latency,Low_Latency,Medium
148,18.0,9.6,0.090804830331242,1346.0,-92.06537890044576,2400.0,18.0,Low_Latency,Low_Latency,Medium
149,18.0,10.8,0.09633677393240236,1428.0,-98.00490196078432,2400.0,18.0,Low_Latency,Low_Latency,Medium
150,18.0,12.0,0.04007285974499089,594.0,-100.13804713804714,2400.0,18.0,Low_Latency,Low_Latency,Medium
151,19.0,1.2,0.16231056446299144,1478.0,-87.49188092016239,3600.0,19.0,Low_Latency,Low_Latency,Low
152,19.0,2.4,0.10795080166922907,983.0,-97.40183112919634,3600.0,19.0,Low_Latency,Low_Latency,Low
153,19.0,3.6,0.05293213265978475,482.0,-99.87759336099585,3600.0,19.0,Low_Latency,Low_Latency,Low
154,19.0,4.8,0.07401713156160772,674.0,-98.87833827893176,3600.0,19.0,Low_Latency,Low_Latency,Low
155,19.0,6.0,0.1976718647045904,1800.0,-93.675,3600.0,19.0,Low_Latency,Low_Latency,Low
156,19.0,7.199999999999998,0.17625741269492642,1605.0,-95.95140186915887,3600.0,19.0,Low_Latency,Low_Latency,Low
157,19.0,8.4,0.09532176586865802,868.0,-99.67396313364056,3600.0,19.0,Low_Latency,Low_Latency,Low
158,19.0,9.6,0.1294750713815067,1179.0,-98.62086513994909,3600.0,19.0,Low_Latency,Low_Latency,Low
159,19.0,10.8,0.004063254996705469,37.0,-102.62162162162164,3606.0,19.0,Low_Latency,Low_Latency,Low
160,20.0,1.2,0.5165753067084312,1979.0,-93.63062152602323,4560.0,20.0,Low_Latency,Low_Latency,Ultra_low
161,20.0,2.4,0.020099190811798485,77.0,-101.97402597402599,4561.0,20.0,Low_Latency,Low_Latency,Ultra_low
162,20.0,3.6,0.00026102845210127906,1.0,-106.0,4696.0,20.0,Low_Latency,Low_Latency,Ultra_low
163,20.0,4.8,0.00026102845210127906,1.0,-105.0,4836.0,20.0,Low_Latency,Low_Latency,Ultra_low
164,20.0,6.0,0.2490211433046202,954.0,-99.16981132075472,4560.0,20.0,Low_Latency,Low_Latency,Ultra_low
165,20.0,7.199999999999998,0.16366483946750196,627.0,-99.28548644338116,4560.0,20.0,Low_Latency,Low_Latency,Ultra_low
166,20.0,8.4,0.0028713129731140694,11.0,-102.54545454545456,4594.0,20.0,Low_Latency,Low_Latency,Ultra_low
167,20.0,9.6,0.04724614983033151,181.0,-101.8618784530387,4560.0,20.0,Low_Latency,Low_Latency,Ultra_low
168,21.0,1.2,0.09854198089492207,196.0,-74.42857142857143,3279.0,21.0,Low_Latency,Low_Power,High
169,21.0,2.4,0.11060834590246356,220.0,-83.31363636363636,3279.0,21.0,Low_Latency,Low_Power,High
170,21.0,3.6,0.09351432880844646,186.0,-91.76881720430107,3278.0,21.0,Low_Latency,Low_Power,High
171,21.0,4.8,0.09351432880844646,186.0,-91.90860215053765,3279.0,21.0,Low_Latency,Low_Power,High
172,21.0,6.0,0.10005027652086476,199.0,-83.15075376884423,3279.0,21.0,Low_Latency,Low_Power,High
173,21.0,7.199999999999998,0.1111111111111111,221.0,-84.0452488687783,3278.0,21.0,Low_Latency,Low_Power,High
174,21.0,8.4,0.10809451985922576,215.0,-89.62325581395348,3279.0,21.0,Low_Latency,Low_Power,High
175,21.0,9.6,0.10407239819004524,207.0,-85.44444444444444,3278.0,21.0,Low_Latency,Low_Power,High
176,21.0,10.8,0.11362493715434893,226.0,-93.93362831858408,3279.0,21.0,Low_Latency,Low_Power,High
177,21.0,12.0,0.06686777275012569,133.0,-99.14285714285714,3279.0,21.0,Low_Latency,Low_Power,High
178,22.0,1.2,0.11347517730496455,224.0,-80.45535714285714,4059.0,22.0,Low_Latency,Low_Power,Medium
179,22.0,2.4,0.10840932117527864,214.0,-94.57476635514018,4058.0,22.0,Low_Latency,Low_Power,Medium
180,22.0,3.6,0.08713272543059777,172.0,-96.17441860465117,4059.0,22.0,Low_Latency,Low_Power,Medium
181,22.0,4.8,0.0845997973657548,167.0,-94.96407185628742,4059.0,22.0,Low_Latency,Low_Power,Medium
182,22.0,6.0,0.12310030395136777,243.0,-86.71604938271605,4058.0,22.0,Low_Latency,Low_Power,Medium
183,22.0,7.199999999999998,0.11195542046605876,221.0,-88.96832579185521,4059.0,22.0,Low_Latency,Low_Power,Medium
184,22.0,8.4,0.11904761904761905,235.0,-93.14468085106381,4059.0,22.0,Low_Latency,Low_Power,Medium
185,22.0,9.6,0.12360688956433635,244.0,-92.29918032786884,4059.0,22.0,Low_Latency,Low_Power,Medium
186,22.0,10.8,0.08966565349544073,177.0,-98.90960451977399,4059.0,22.0,Low_Latency,Low_Power,Medium
187,22.0,12.0,0.03900709219858156,77.0,-100.12987012987013,4059.0,22.0,Low_Latency,Low_Power,Medium
188,23.0,1.2,0.16457811194653302,197.0,-86.17766497461929,2617.0,23.0,Low_Latency,Low_Power,Low
189,23.0,2.4,0.15789473684210525,189.0,-95.21693121693121,2618.0,23.0,Low_Latency,Low_Power,Low
190,23.0,3.6,0.04678362573099415,56.0,-100.85714285714286,2615.0,23.0,Low_Latency,Low_Power,Low
191,23.0,4.8,0.06516290726817042,78.0,-100.25641025641028,2614.0,23.0,Low_Latency,Low_Power,Low
192,23.0,6.0,0.16040100250626566,192.0,-96.1875,2618.0,23.0,Low_Latency,Low_Power,Low
193,23.0,7.199999999999998,0.18045112781954886,216.0,-96.4398148148148,2619.0,23.0,Low_Latency,Low_Power,Low
194,23.0,8.4,0.06265664160401002,75.0,-98.97333333333331,2617.0,23.0,Low_Latency,Low_Power,Low
195,23.0,9.6,0.15121136173767752,181.0,-97.11049723756906,2618.0,23.0,Low_Latency,Low_Power,Low
196,23.0,10.8,0.01086048454469507,13.0,-103.0,2582.0,23.0,Low_Latency,Low_Power,Low
197,24.0,1.2,0.3932203389830509,232.0,-91.54310344827586,1779.0,24.0,Low_Latency,Low_Power,Ultra_low
198,24.0,2.4,0.21864406779661014,129.0,-99.03100775193798,1776.0,24.0,Low_Latency,Low_Power,Ultra_low
199,24.0,6.0,0.13559322033898305,80.0,-98.525,1776.0,24.0,Low_Latency,Low_Power,Ultra_low
200,24.0,7.199999999999998,0.14745762711864407,87.0,-100.34482758620688,1774.0,24.0,Low_Latency,Low_Power,Ultra_low
201,24.0,8.4,0.001694915254237288,1.0,-106.0,1633.0,24.0,Low_Latency,Low_Power,Ultra_low
202,24.0,9.6,0.10338983050847456,61.0,-100.80327868852459,1778.0,24.0,Low_Latency,Low_Power,Ultra_low
203,25.0,1.2,0.10511363636363637,111.0,-74.67567567567569,1058.0,25.0,Low_Power,Balanced,High
204,25.0,2.4,0.0918560606060606,97.0,-82.45360824742268,1056.0,25.0,Low_Power,Balanced,High
205,25.0,3.6,0.10037878787878787,106.0,-87.17924528301887,1057.0,25.0,Low_Power,Balanced,High
206,25.0,4.8,0.10227272727272728,108.0,-92.88888888888887,1059.0,25.0,Low_Power,Balanced,High
207,25.0,6.0,0.10890151515151517,115.0,-80.75652173913043,1059.0,25.0,Low_Power,Balanced,High
208,25.0,7.199999999999998,0.09659090909090907,102.0,-83.62745098039215,1058.0,25.0,Low_Power,Balanced,High
209,25.0,8.4,0.10132575757575757,107.0,-87.66355140186916,1059.0,25.0,Low_Power,Balanced,High
210,25.0,9.6,0.10037878787878787,106.0,-84.58490566037736,1059.0,25.0,Low_Power,Balanced,High
211,25.0,10.8,0.0918560606060606,97.0,-91.85567010309279,1055.0,25.0,Low_Power,Balanced,High
212,25.0,12.0,0.10132575757575757,107.0,-96.18691588785046,1059.0,25.0,Low_Power,Balanced,High
213,26.0,1.2,0.1067472306143001,106.0,-79.66037735849056,397.0,26.0,Low_Power,Balanced,Medium
214,26.0,2.4,0.12185297079556898,121.0,-87.94214876033058,399.0,26.0,Low_Power,Balanced,Medium
215,26.0,3.6,0.11379657603222558,113.0,-92.75221238938052,399.0,26.0,Low_Power,Balanced,Medium
216,26.0,4.8,0.0916414904330312,91.0,-98.42857142857143,396.0,26.0,Low_Power,Balanced,Medium
217,26.0,6.0,0.1067472306143001,106.0,-87.00943396226415,398.0,26.0,Low_Power,Balanced,Medium
218,26.0,7.199999999999998,0.10876132930513596,108.0,-89.12037037037037,398.0,26.0,Low_Power,Balanced,Medium
219,26.0,8.4,0.11983887210473315,119.0,-94.22689075630251,396.0,26.0,Low_Power,Balanced,Medium
220,26.0,9.6,0.11983887210473315,119.0,-90.781512605042,397.0,26.0,Low_Power,Balanced,Medium
221,26.0,10.8,0.08559919436052367,85.0,-98.0,394.0,26.0,Low_Power,Balanced,Medium
222,26.0,12.0,0.025176233635448138,25.0,-100.52,390.0,26.0,Low_Power,Balanced,Medium
223,27.0,1.2,0.1743827160493827,113.0,-86.47787610619469,261.0,27.0,Low_Power,Balanced,Low
224,27.0,2.4,0.10802469135802467,70.0,-92.07142857142857,261.0,27.0,Low_Power,Balanced,Low
225,27.0,3.6,0.10493827160493828,68.0,-97.11764705882355,263.0,27.0,Low_Power,Balanced,Low
226,27.0,4.8,0.007716049382716048,5.0,-102.0,304.0,27.0,Low_Power,Balanced,Low
227,27.0,6.0,0.14660493827160495,95.0,-93.47368421052632,260.0,27.0,Low_Power,Balanced,Low
228,27.0,7.199999999999998,0.1712962962962963,111.0,-95.13513513513512,263.0,27.0,Low_Power,Balanced,Low
229,27.0,8.4,0.1095679012345679,71.0,-98.04225352112677,261.0,27.0,Low_Power,Balanced,Low
230,27.0,9.6,0.16049382716049382,104.0,-96.58653846153848,263.0,27.0,Low_Power,Balanced,Low
231,27.0,10.8,0.016975308641975308,11.0,-101.72727272727272,275.0,27.0,Low_Power,Balanced,Low
232,28.0,1.2,0.3515151515151515,116.0,-92.73275862068964,923.0,28.0,Low_Power,Balanced,Ultra_low
233,28.0,2.4,0.24242424242424246,80.0,-97.275,924.0,28.0,Low_Power,Balanced,Ultra_low
234,28.0,3.6,0.00909090909090909,3.0,-101.66666666666669,1067.0,28.0,Low_Power,Balanced,Ultra_low
235,28.0,6.0,0.1787878787878788,59.0,-98.42372881355931,922.0,28.0,Low_Power,Balanced,Ultra_low
236,28.0,7.199999999999998,0.10303030303030304,34.0,-100.32352941176471,924.0,28.0,Low_Power,Balanced,Ultra_low
237,28.0,8.4,0.00909090909090909,3.0,-103.0,924.0,28.0,Low_Power,Balanced,Ultra_low
238,28.0,9.6,0.10606060606060606,35.0,-99.54285714285713,923.0,28.0,Low_Power,Balanced,Ultra_low
239,29.0,1.2,0.10831460674157303,241.0,-74.51867219917013,1760.0,29.0,Low_Power,Low_Latency,High
240,29.0,2.4,0.10382022471910113,231.0,-81.41125541125541,1761.0,29.0,Low_Power,Low_Latency,High
241,29.0,3.6,0.10292134831460674,229.0,-86.17903930131004,1761.0,29.0,Low_Power,Low_Latency,High
242,29.0,4.8,0.08089887640449438,180.0,-92.92222222222222,1760.0,29.0,Low_Power,Low_Latency,High
243,29.0,6.0,0.10202247191011236,227.0,-80.8898678414097,1761.0,29.0,Low_Power,Low_Latency,High
244,29.0,7.199999999999998,0.10382022471910113,231.0,-83.10389610389609,1760.0,29.0,Low_Power,Low_Latency,High
245,29.0,8.4,0.11685393258426968,260.0,-87.78076923076924,1760.0,29.0,Low_Power,Low_Latency,High
246,29.0,9.6,0.10382022471910113,231.0,-84.83116883116881,1761.0,29.0,Low_Power,Low_Latency,High
247,29.0,10.8,0.08853932584269662,197.0,-91.86294416243656,1761.0,29.0,Low_Power,Low_Latency,High
248,29.0,12.0,0.08898876404494382,198.0,-96.13131313131314,1760.0,29.0,Low_Power,Low_Latency,High
249,30.0,1.2,0.1217391304347826,238.0,-80.0546218487395,2841.0,30.0,Low_Power,Low_Latency,Medium
250,30.0,2.4,0.12276214833759592,240.0,-87.76666666666668,2842.0,30.0,Low_Power,Low_Latency,Medium
251,30.0,3.6,0.08388746803069054,164.0,-92.64024390243902,2841.0,30.0,Low_Power,Low_Latency,Medium
252,30.0,4.8,0.1217391304347826,238.0,-97.94117647058823,2840.0,30.0,Low_Power,Low_Latency,Medium
253,30.0,6.0,0.10843989769820972,212.0,-86.65094339622641,2841.0,30.0,Low_Power,Low_Latency,Medium
254,30.0,7.199999999999998,0.12327365728900255,241.0,-88.9253112033195,2840.0,30.0,Low_Power,Low_Latency,Medium
255,30.0,8.4,0.09769820971867008,191.0,-94.09947643979058,2841.0,30.0,Low_Power,Low_Latency,Medium
256,30.0,9.6,0.10946291560102303,214.0,-91.37850467289721,2841.0,30.0,Low_Power,Low_Latency,Medium
257,30.0,10.8,0.09565217391304348,187.0,-97.67379679144385,2840.0,30.0,Low_Power,Low_Latency,Medium
258,30.0,12.0,0.015345268542199487,30.0,-101.2,2872.0,30.0,Low_Power,Low_Latency,Medium
259,31.0,1.2,0.1752021563342318,260.0,-86.64615384615385,3500.0,31.0,Low_Power,Low_Latency,Low
260,31.0,2.4,0.11118598382749326,165.0,-91.12121212121212,3501.0,31.0,Low_Power,Low_Latency,Low
261,31.0,3.6,0.1105121293800539,164.0,-96.46341463414636,3501.0,31.0,Low_Power,Low_Latency,Low
262,31.0,4.8,0.014150943396226415,21.0,-101.5238095238095,3507.0,31.0,Low_Power,Low_Latency,Low
263,31.0,6.0,0.16846361185983827,250.0,-93.196,3500.0,31.0,Low_Power,Low_Latency,Low
264,31.0,7.199999999999998,0.15498652291105122,230.0,-95.15217391304348,3504.0,31.0,Low_Power,Low_Latency,Low
265,31.0,8.4,0.09905660377358493,147.0,-98.38095238095238,3500.0,31.0,Low_Power,Low_Latency,Low
266,31.0,9.6,0.15363881401617252,228.0,-97.18859649122808,3501.0,31.0,Low_Power,Low_Latency,Low
267,31.0,10.8,0.012803234501347708,19.0,-102.15789473684212,3515.0,31.0,Low_Power,Low_Latency,Low
268,32.0,1.2,0.341688654353562,259.0,-92.91891891891892,4161.0,32.0,Low_Power,Low_Latency,Ultra_low
269,32.0,2.4,0.2387862796833773,181.0,-98.06077348066299,4160.0,32.0,Low_Power,Low_Latency,Ultra_low
270,32.0,3.6,0.03034300791556728,23.0,-102.3913043478261,4163.0,32.0,Low_Power,Low_Latency,Ultra_low
271,32.0,6.0,0.19129287598944592,145.0,-98.64827586206896,4162.0,32.0,Low_Power,Low_Latency,Ultra_low
272,32.0,7.199999999999998,0.11345646437994725,86.0,-99.98837209302326,4161.0,32.0,Low_Power,Low_Latency,Ultra_low
273,32.0,8.4,0.00395778364116095,3.0,-102.0,4343.0,32.0,Low_Power,Low_Latency,Ultra_low
274,32.0,9.6,0.08047493403693931,61.0,-100.3934426229508,4162.0,32.0,Low_Power,Low_Latency,Ultra_low
275,33.0,1.2,0.21673003802281368,57.0,-79.03508771929825,4820.0,33.0,Low_Power,Low_Power,High
276,33.0,2.4,0.1064638783269962,28.0,-82.89285714285714,4829.0,33.0,Low_Power,Low_Power,High
277,33.0,3.6,0.12167300380228135,32.0,-88.15625,4820.0,33.0,Low_Power,Low_Power,High
278,33.0,4.8,0.11787072243346007,31.0,-93.25806451612905,4825.0,33.0,Low_Power,Low_Power,High
279,33.0,6.0,0.11026615969581748,29.0,-80.51724137931033,4830.0,33.0,Low_Power,Low_Power,High
280,33.0,8.4,0.1140684410646388,30.0,-88.1,4834.0,33.0,Low_Power,Low_Power,High
281,33.0,9.6,0.1064638783269962,28.0,-85.64285714285714,4837.0,33.0,Low_Power,Low_Power,High
282,33.0,12.0,0.1064638783269962,28.0,-95.39285714285714,4833.0,33.0,Low_Power,Low_Power,High
283,34.0,1.2,0.1297071129707113,31.0,-81.35483870967742,3199.0,34.0,Low_Power,Low_Power,Medium
284,34.0,2.4,0.13389121338912133,32.0,-90.59375,3199.0,34.0,Low_Power,Low_Power,Medium
285,34.0,3.6,0.1087866108786611,26.0,-95.3846153846154,3198.0,34.0,Low_Power,Low_Power,Medium
286,34.0,4.8,0.02092050209205021,5.0,-101.8,3048.0,34.0,Low_Power,Low_Power,Medium
287,34.0,6.0,0.09205020920502092,22.0,-86.0,3181.0,34.0,Low_Power,Low_Power,Medium
288,34.0,7.199999999999998,0.13807531380753138,33.0,-90.12121212121212,3184.0,34.0,Low_Power,Low_Power,Medium
289,34.0,8.4,0.13807531380753138,33.0,-94.36363636363636,3195.0,34.0,Low_Power,Low_Power,Medium
290,34.0,9.6,0.13807531380753138,33.0,-92.84848484848484,3195.0,34.0,Low_Power,Low_Power,Medium
291,34.0,10.8,0.06694560669456066,16.0,-99.6875,3196.0,34.0,Low_Power,Low_Power,Medium
292,34.0,12.0,0.03347280334728033,8.0,-100.25,3186.0,34.0,Low_Power,Low_Power,Medium
293,35.0,1.2,0.13756613756613756,26.0,-85.53846153846153,3852.0,35.0,Low_Power,Low_Power,Low
294,35.0,2.4,0.12698412698412698,24.0,-91.83333333333331,3849.0,35.0,Low_Power,Low_Power,Low
295,35.0,3.6,0.1693121693121693,32.0,-96.875,3852.0,35.0,Low_Power,Low_Power,Low
296,35.0,6.0,0.14814814814814814,28.0,-92.14285714285714,3854.0,35.0,Low_Power,Low_Power,Low
297,35.0,7.199999999999998,0.15343915343915346,29.0,-94.6896551724138,3841.0,35.0,Low_Power,Low_Power,Low
298,35.0,8.4,0.1058201058201058,20.0,-97.4,3852.0,35.0,Low_Power,Low_Power,Low
299,35.0,9.6,0.15873015873015872,30.0,-96.43333333333334,3854.0,35.0,Low_Power,Low_Power,Low
300,36.0,1.2,0.4696969696969697,31.0,-94.32258064516131,2592.0,36.0,Low_Power,Low_Power,Ultra_low
301,36.0,2.4,0.15151515151515152,10.0,-100.3,2567.0,36.0,Low_Power,Low_Power,Ultra_low
302,36.0,6.0,0.2272727272727273,15.0,-98.8,2592.0,36.0,Low_Power,Low_Power,Ultra_low
303,36.0,7.199999999999998,0.15151515151515152,10.0,-99.2,2558.0,36.0,Low_Power,Low_Power,Ultra_low
304,,,,,,,13.0,Low_Latency,Balanced,High
305,,,,,,,,,,
306,,,,,,,,,,
