Experiment_ID, Trial_ID, Manufacturer, Model_Number, Serial_Number, Local_Bluetooth_Address, Local_UUID, Scan_Start_Time, Scan_Actual_End_Time, Scan_Length, scan_record_converted, Scan_Mode, Remote_Bluetooth_Address, deviceName, timestampNanos, Boot_Timestamp_MS, Boot_Date, Discovery_Date, bat_discovery_charge_counter, bat_discovery_current_now, bat_discovery_current_average, bat_discovery_current_capacity, txPowerLevel, rssi, bat_start_charge_counter, bat_start_current_now, bat_start_current_average, bat_start_current_capacity, bat_end_charge_counter, bat_end_current_now, bat_end_current_average, bat_end_current_capacity, 
1,35, HTC, HTC6525LVW, FA4BSSF00582, D4:0B:1A:0A:DC:BB,990005013901161,1430116140001,1430116440075,300000, Pos5, Low_Power, 61:C4:6E:57:EA:63, ,43967000915411,1430072178191, 2015-04-26 14:16:18.191, 2015-04-27 02:29:05.191,-9223372036854775808,-9223372036854775808,-9223372036854775808,100,-15,-93,-9223372036854775808,-9223372036854775808,-9223372036854775808,100,-9223372036854775808,-9223372036854775808,-9223372036854775808,100, 
1,35, HTC, HTC6525LVW, FA4BSSF00582, D4:0B:1A:0A:DC:BB,990005013901161,1430116140001,1430116440075,300000, Pos8, Low_Power, 56:5A:AF:3F:BB:7F, ,43967794722859,1430072178192, 2015-04-26 14:16:18.192, 2015-04-27 02:29:05.986,-9223372036854775808,-9223372036854775808,-9223372036854775808,100,-15,-98,-9223372036854775808,-9223372036854775808,-9223372036854775808,100,-9223372036854775808,-9223372036854775808,-9223372036854775808,100, 
1,35, HTC, HTC6525LVW, FA4BSSF00582, D4:0B:1A:0A:DC:BB,990005013901161,1430116140001,1430116440075,300000, Pos5, Low_Power, 61:C4:6E:57:EA:63, ,43968016631349,1430072178192, 2015-04-26 14:16:18.192, 2015-04-27 02:29:06.208,-9223372036854775808,-9223372036854775808,-9223372036854775808,100,-15,-92,-9223372036854775808,-9223372036854775808,-9223372036854775808,100,-9223372036854775808,-9223372036854775808,-9223372036854775808,100, 
1,35, HTC, HTC6525LVW, FA4BSSF00582, D4:0B:1A:0A:DC:BB,990005013901161,1430116140001,1430116440075,300000, Pos8, Low_Power, 56:5A:AF:3F:BB:7F, ,43968802219578,1430072178191, 2015-04-26 14:16:18.191, 2015-04-27 02:29:06.993,-9223372036854775808,-9223372036854775808,-9223372036854775808,100,-15,-93,-9223372036854775808,-9223372036854775808,-9223372036854775808,100,-9223372036854775808,-9223372036854775808,-9223372036854775808,100, 
1,35, HTC, HTC6525LVW, FA4BSSF00582, D4:0B:1A:0A:DC:BB,990005013901161,1430116140001,1430116440075,300000, Pos5, Low_Power, 61:C4:6E:57:EA:63, ,43969027328848,1430072178192, 2015-04-26 14:16:18.192, 2015-04-27 02:29:07.219,-9223372036854775808,-9223372036854775808,-9223372036854775808,100,-15,-95,-9223372036854775808,-9223372036854775808,-9223372036854775808,100,-9223372036854775808,-9223372036854775808,-9223372036854775808,100, 
1,35, HTC, HTC6525LVW, FA4BSSF00582, D4:0B:1A:0A:DC:BB,990005013901161,1430116140001,1430116440075,300000, Pos1, Low_Power, 65:88:44:F4:6E:97, ,43969038237129,1430072178192, 2015-04-26 14:16:18.192, 2015-04-27 02:29:07.230,-9223372036854775808,-9223372036854775808,-9223372036854775808,100,-15,-87,-9223372036854775808,-9223372036854775808,-9223372036854775808,100,-9223372036854775808,-9223372036854775808,-9223372036854775808,100, 
1,35, HTC, HTC6525LVW, FA4BSSF00582, D4:0B:1A:0A:DC:BB,990005013901161,1430116140001,1430116440075,300000, Pos7, Low_Power, 48:68:DC:10:7D:6A, ,43969363269994,1430072178191, 2015-04-26 14:16:18.191, 2015-04-27 02:29:07.554,-9223372036854775808,-9223372036854775808,-9223372036854775808,100,-15,-101,-9223372036854775808,-9223372036854775808,-9223372036854775808,100,-9223372036854775808,-9223372036854775808,-9223372036854775808,100, 
1,35, HTC, HTC6525LVW, FA4BSSF00582, D4:0B:1A:0A:DC:BB,990005013901161,1430116140001,1430116440075,300000, Pos3, Low_Power, 5C:60:22:DD:21:10, ,43969485434473,1430072178191, 2015-04-26 14:16:18.191, 2015-04-27 02:29:07.676,-9223372036854775808,-9223372036854775808,-9223372036854775808,100,-15,-99,-9223372036854775808,-9223372036854775808,-9223372036854775808,100,-9223372036854775808,-9223372036854775808,-9223372036854775808,100, 
1,35, HTC, HTC6525LVW, FA4BSSF00582, D4:0B:1A:0A:DC:BB,990005013901161,1430116140001,1430116440075,300000, Pos1, Low_Power, 65:88:44:F4:6E:97, ,43970036058900,1430072178191, 2015-04-26 14:16:18.191, 2015-04-27 02:29:08.227,-9223372036854775808,-9223372036854775808,-9223372036854775808,100,-15,-87,-9223372036854775808,-9223372036854775808,-9223372036854775808,100,-9223372036854775808,-9223372036854775808,-9223372036854775808,100, 
1,35, HTC, HTC6525LVW, FA4BSSF00582, D4:0B:1A:0A:DC:BB,990005013901161,1430116140001,1430116440075,300000, Pos3, Low_Power, 5C:60:22:DD:21:10, ,43970496166452,1430072178191, 2015-04-26 14:16:18.191, 2015-04-27 02:29:08.687,-9223372036854775808,-9223372036854775808,-9223372036854775808,100,-15,-98,-9223372036854775808,-9223372036854775808,-9223372036854775808,100,-9223372036854775808,-9223372036854775808,-9223372036854775808,100, 
1,35, HTC, HTC6525LVW, FA4BSSF00582, D4:0B:1A:0A:DC:BB,990005013901161,1430116140001,1430116440075,300000, Pos3, Low_Power, 5C:60:22:DD:21:10, ,43971499527700,1430072178192, 2015-04-26 14:16:18.192, 2015-04-27 02:29:09.691,-9223372036854775808,-9223372036854775808,-9223372036854775808,100,-15,-98,-9223372036854775808,-9223372036854775808,-9223372036854775808,100,-9223372036854775808,-9223372036854775808,-9223372036854775808,100, 
1,35, HTC, HTC6525LVW, FA4BSSF00582, D4:0B:1A:0A:DC:BB,990005013901161,1430116140001,1430116440075,300000, Pos2, Low_Power, 44:84:93:0A:88:A1, ,43972744393587,1430072178192, 2015-04-26 14:16:18.192, 2015-04-27 02:29:10.936,-9223372036854775808,-9223372036854775808,-9223372036854775808,100,-15,-90,-9223372036854775808,-9223372036854775808,-9223372036854775808,100,-9223372036854775808,-9223372036854775808,-9223372036854775808,100, 
1,35, HTC, HTC6525LVW, FA4BSSF00582, D4:0B:1A:0A:DC:BB,990005013901161,1430116140001,1430116440075,300000, Pos2, Low_Power, 44:84:93:0A:88:A1, ,43973752625305,1430072178191, 2015-04-26 14:16:18.191, 2015-04-27 02:29:11.943,-9223372036854775808,-9223372036854775808,-9223372036854775808,100,-15,-90,-9223372036854775808,-9223372036854775808,-9223372036854775808,100,-9223372036854775808,-9223372036854775808,-9223372036854775808,100, 
1,35, HTC, HTC6525LVW, FA4BSSF00582, D4:0B:1A:0A:DC:BB,990005013901161,1430116140001,1430116440075,300000, Pos6, Low_Power, 60:04:A8:FF:94:99, ,43980725951865,1430072178191, 2015-04-26 14:16:18.191, 2015-04-27 02:29:18.916,-9223372036854775808,-9223372036854775808,-9223372036854775808,100,-15,-93,-9223372036854775808,-9223372036854775808,-9223372036854775808,100,-9223372036854775808,-9223372036854775808,-9223372036854775808,100, 
1,35, HTC, HTC6525LVW, FA4BSSF00582, D4:0B:1A:0A:DC:BB,990005013901161,1430116140001,1430116440075,300000, Pos6, Low_Power, 60:04:A8:FF:94:99, ,43981739218375,1430072178192, 2015-04-26 14:16:18.192, 2015-04-27 02:29:19.931,-9223372036854775808,-9223372036854775808,-9223372036854775808,100,-15,-98,-9223372036854775808,-9223372036854775808,-9223372036854775808,100,-9223372036854775808,-9223372036854775808,-9223372036854775808,100, 
1,35, HTC, HTC6525LVW, FA4BSSF00582, D4:0B:1A:0A:DC:BB,990005013901161,1430116140001,1430116440075,300000, Pos8, Low_Power, 56:5A:AF:3F:BB:7F, ,43985909164571,1430072178192, 2015-04-26 14:16:18.192, 2015-04-27 02:29:24.101,-9223372036854775808,-9223372036854775808,-9223372036854775808,100,-15,-100,-9223372036854775808,-9223372036854775808,-9223372036854775808,100,-9223372036854775808,-9223372036854775808,-9223372036854775808,100, 
1,35, HTC, HTC6525LVW, FA4BSSF00582, D4:0B:1A:0A:DC:BB,990005013901161,1430116140001,1430116440075,300000, Pos5, Low_Power, 61:C4:6E:57:EA:63, ,43989164211497,1430072178191, 2015-04-26 14:16:18.191, 2015-04-27 02:29:27.355,-9223372036854775808,-9223372036854775808,-9223372036854775808,100,-15,-90,-9223372036854775808,-9223372036854775808,-9223372036854775808,100,-9223372036854775808,-9223372036854775808,-9223372036854775808,100, 
1,35, HTC, HTC6525LVW, FA4BSSF00582, D4:0B:1A:0A:DC:BB,990005013901161,1430116140001,1430116440075,300000, Pos7, Low_Power, 48:68:DC:10:7D:6A, ,43989506208997,1430072178191, 2015-04-26 14:16:18.191, 2015-04-27 02:29:27.697,-9223372036854775808,-9223372036854775808,-9223372036854775808,100,-15,-96,-9223372036854775808,-9223372036854775808,-9223372036854775808,100,-9223372036854775808,-9223372036854775808,-9223372036854775808,100, 
1,35, HTC, HTC6525LVW, FA4BSSF00582, D4:0B:1A:0A:DC:BB,990005013901161,1430116140001,1430116440075,300000, Pos3, Low_Power, 5C:60:22:DD:21:10, ,43989619889830,1430072178192, 2015-04-26 14:16:18.192, 2015-04-27 02:29:27.811,-9223372036854775808,-9223372036854775808,-9223372036854775808,100,-15,-97,-9223372036854775808,-9223372036854775808,-9223372036854775808,100,-9223372036854775808,-9223372036854775808,-9223372036854775808,100, 
1,35, HTC, HTC6525LVW, FA4BSSF00582, D4:0B:1A:0A:DC:BB,990005013901161,1430116140001,1430116440075,300000, Pos1, Low_Power, 65:88:44:F4:6E:97, ,43990179040923,1430072178192, 2015-04-26 14:16:18.192, 2015-04-27 02:29:28.371,-9223372036854775808,-9223372036854775808,-9223372036854775808,100,-15,-83,-9223372036854775808,-9223372036854775808,-9223372036854775808,100,-9223372036854775808,-9223372036854775808,-9223372036854775808,100, 
1,35, HTC, HTC6525LVW, FA4BSSF00582, D4:0B:1A:0A:DC:BB,990005013901161,1430116140001,1430116440075,300000, Pos7, Low_Power, 48:68:DC:10:7D:6A, ,43990510342017,1430072178192, 2015-04-26 14:16:18.192, 2015-04-27 02:29:28.702,-9223372036854775808,-9223372036854775808,-9223372036854775808,100,-15,-96,-9223372036854775808,-9223372036854775808,-9223372036854775808,100,-9223372036854775808,-9223372036854775808,-9223372036854775808,100, 
1,35, HTC, HTC6525LVW, FA4BSSF00582, D4:0B:1A:0A:DC:BB,990005013901161,1430116140001,1430116440075,300000, Pos3, Low_Power, 5C:60:22:DD:21:10, ,43990624066600,1430072178192, 2015-04-26 14:16:18.192, 2015-04-27 02:29:28.816,-9223372036854775808,-9223372036854775808,-9223372036854775808,100,-15,-95,-9223372036854775808,-9223372036854775808,-9223372036854775808,100,-9223372036854775808,-9223372036854775808,-9223372036854775808,100, 
1,35, HTC, HTC6525LVW, FA4BSSF00582, D4:0B:1A:0A:DC:BB,990005013901161,1430116140001,1430116440075,300000, Pos1, Low_Power, 65:88:44:F4:6E:97, ,43991184769882,1430072178192, 2015-04-26 14:16:18.192, 2015-04-27 02:29:29.376,-9223372036854775808,-9223372036854775808,-9223372036854775808,100,-15,-84,-9223372036854775808,-9223372036854775808,-9223372036854775808,100,-9223372036854775808,-9223372036854775808,-9223372036854775808,100, 
1,35, HTC, HTC6525LVW, FA4BSSF00582, D4:0B:1A:0A:DC:BB,990005013901161,1430116140001,1430116440075,300000, Pos2, Low_Power, 44:84:93:0A:88:A1, ,43993896835089,1430072178191, 2015-04-26 14:16:18.191, 2015-04-27 02:29:32.087,-9223372036854775808,-9223372036854775808,-9223372036854775808,100,-15,-92,-9223372036854775808,-9223372036854775808,-9223372036854775808,100,-9223372036854775808,-9223372036854775808,-9223372036854775808,100, 
1,35, HTC, HTC6525LVW, FA4BSSF00582, D4:0B:1A:0A:DC:BB,990005013901161,1430116140001,1430116440075,300000, Pos2, Low_Power, 44:84:93:0A:88:A1, ,43994902841338,1430072178192, 2015-04-26 14:16:18.192, 2015-04-27 02:29:33.094,-9223372036854775808,-9223372036854775808,-9223372036854775808,100,-15,-94,-9223372036854775808,-9223372036854775808,-9223372036854775808,100,-9223372036854775808,-9223372036854775808,-9223372036854775808,100, 
1,35, HTC, HTC6525LVW, FA4BSSF00582, D4:0B:1A:0A:DC:BB,990005013901161,1430116140001,1430116440075,300000, Pos6, Low_Power, 60:04:A8:FF:94:99, ,44001884558211,1430072178191, 2015-04-26 14:16:18.191, 2015-04-27 02:29:40.075,-9223372036854775808,-9223372036854775808,-9223372036854775808,100,-15,-96,-9223372036854775808,-9223372036854775808,-9223372036854775808,100,-9223372036854775808,-9223372036854775808,-9223372036854775808,100, 
1,35, HTC, HTC6525LVW, FA4BSSF00582, D4:0B:1A:0A:DC:BB,990005013901161,1430116140001,1430116440075,300000, Pos6, Low_Power, 60:04:A8:FF:94:99, ,44002894878991,1430072178192, 2015-04-26 14:16:18.192, 2015-04-27 02:29:41.086,-9223372036854775808,-9223372036854775808,-9223372036854775808,100,-15,-92,-9223372036854775808,-9223372036854775808,-9223372036854775808,100,-9223372036854775808,-9223372036854775808,-9223372036854775808,100, 
1,35, HTC, HTC6525LVW, FA4BSSF00582, D4:0B:1A:0A:DC:BB,990005013901161,1430116140001,1430116440075,300000, Pos6, Low_Power, 60:04:A8:FF:94:99, ,44003901767428,1430072178192, 2015-04-26 14:16:18.192, 2015-04-27 02:29:42.093,-9223372036854775808,-9223372036854775808,-9223372036854775808,100,-15,-96,-9223372036854775808,-9223372036854775808,-9223372036854775808,100,-9223372036854775808,-9223372036854775808,-9223372036854775808,100, 
1,35, HTC, HTC6525LVW, FA4BSSF00582, D4:0B:1A:0A:DC:BB,990005013901161,1430116140001,1430116440075,300000, Pos3, Low_Power, 5C:60:22:DD:21:10, ,44005722556647,1430072178191, 2015-04-26 14:16:18.191, 2015-04-27 02:29:43.913,-9223372036854775808,-9223372036854775808,-9223372036854775808,100,-15,-97,-9223372036854775808,-9223372036854775808,-9223372036854775808,100,-9223372036854775808,-9223372036854775808,-9223372036854775808,100, 
1,35, HTC, HTC6525LVW, FA4BSSF00582, D4:0B:1A:0A:DC:BB,990005013901161,1430116140001,1430116440075,300000, Pos8, Low_Power, 56:5A:AF:3F:BB:7F, ,44006045940709,1430072178192, 2015-04-26 14:16:18.192, 2015-04-27 02:29:44.237,-9223372036854775808,-9223372036854775808,-9223372036854775808,100,-15,-94,-9223372036854775808,-9223372036854775808,-9223372036854775808,100,-9223372036854775808,-9223372036854775808,-9223372036854775808,100, 
1,35, HTC, HTC6525LVW, FA4BSSF00582, D4:0B:1A:0A:DC:BB,990005013901161,1430116140001,1430116440075,300000, Pos8, Low_Power, 56:5A:AF:3F:BB:7F, ,44007051059823,1430072178192, 2015-04-26 14:16:18.192, 2015-04-27 02:29:45.243,-9223372036854775808,-9223372036854775808,-9223372036854775808,100,-15,-93,-9223372036854775808,-9223372036854775808,-9223372036854775808,100,-9223372036854775808,-9223372036854775808,-9223372036854775808,100, 
1,35, HTC, HTC6525LVW, FA4BSSF00582, D4:0B:1A:0A:DC:BB,990005013901161,1430116140001,1430116440075,300000, Pos7, Low_Power, 48:68:DC:10:7D:6A, ,44007617588000,1430072178192, 2015-04-26 14:16:18.192, 2015-04-27 02:29:45.809,-9223372036854775808,-9223372036854775808,-9223372036854775808,100,-15,-99,-9223372036854775808,-9223372036854775808,-9223372036854775808,100,-9223372036854775808,-9223372036854775808,-9223372036854775808,100, 
1,35, HTC, HTC6525LVW, FA4BSSF00582, D4:0B:1A:0A:DC:BB,990005013901161,1430116140001,1430116440075,300000, Pos1, Low_Power, 65:88:44:F4:6E:97, ,44008297960916,1430072178192, 2015-04-26 14:16:18.192, 2015-04-27 02:29:46.489,-9223372036854775808,-9223372036854775808,-9223372036854775808,100,-15,-84,-9223372036854775808,-9223372036854775808,-9223372036854775808,100,-9223372036854775808,-9223372036854775808,-9223372036854775808,100, 
1,35, HTC, HTC6525LVW, FA4BSSF00582, D4:0B:1A:0A:DC:BB,990005013901161,1430116140001,1430116440075,300000, Pos7, Low_Power, 48:68:DC:10:7D:6A, ,44008619137635,1430072178191, 2015-04-26 14:16:18.191, 2015-04-27 02:29:46.810,-9223372036854775808,-9223372036854775808,-9223372036854775808,100,-15,-103,-9223372036854775808,-9223372036854775808,-9223372036854775808,100,-9223372036854775808,-9223372036854775808,-9223372036854775808,100, 
1,35, HTC, HTC6525LVW, FA4BSSF00582, D4:0B:1A:0A:DC:BB,990005013901161,1430116140001,1430116440075,300000, Pos1, Low_Power, 65:88:44:F4:6E:97, ,44009303787427,1430072178191, 2015-04-26 14:16:18.191, 2015-04-27 02:29:47.494,-9223372036854775808,-9223372036854775808,-9223372036854775808,100,-15,-83,-9223372036854775808,-9223372036854775808,-9223372036854775808,100,-9223372036854775808,-9223372036854775808,-9223372036854775808,100, 
1,35, HTC, HTC6525LVW, FA4BSSF00582, D4:0B:1A:0A:DC:BB,990005013901161,1430116140001,1430116440075,300000, Pos5, Low_Power, 61:C4:6E:57:EA:63, ,44009310788572,1430072178191, 2015-04-26 14:16:18.191, 2015-04-27 02:29:47.501,-9223372036854775808,-9223372036854775808,-9223372036854775808,100,-15,-90,-9223372036854775808,-9223372036854775808,-9223372036854775808,100,-9223372036854775808,-9223372036854775808,-9223372036854775808,100, 
1,35, HTC, HTC6525LVW, FA4BSSF00582, D4:0B:1A:0A:DC:BB,990005013901161,1430116140001,1430116440075,300000, Pos7, Low_Power, 48:68:DC:10:7D:6A, ,44009628385864,1430072178191, 2015-04-26 14:16:18.191, 2015-04-27 02:29:47.819,-9223372036854775808,-9223372036854775808,-9223372036854775808,100,-15,-97,-9223372036854775808,-9223372036854775808,-9223372036854775808,100,-9223372036854775808,-9223372036854775808,-9223372036854775808,100, 
1,35, HTC, HTC6525LVW, FA4BSSF00582, D4:0B:1A:0A:DC:BB,990005013901161,1430116140001,1430116440075,300000, Pos3, Low_Power, 5C:60:22:DD:21:10, ,44009747866645,1430072178192, 2015-04-26 14:16:18.192, 2015-04-27 02:29:47.939,-9223372036854775808,-9223372036854775808,-9223372036854775808,100,-15,-95,-9223372036854775808,-9223372036854775808,-9223372036854775808,100,-9223372036854775808,-9223372036854775808,-9223372036854775808,100, 
1,35, HTC, HTC6525LVW, FA4BSSF00582, D4:0B:1A:0A:DC:BB,990005013901161,1430116140001,1430116440075,300000, Pos5, Low_Power, 61:C4:6E:57:EA:63, ,44010312808312,1430072178192, 2015-04-26 14:16:18.192, 2015-04-27 02:29:48.504,-9223372036854775808,-9223372036854775808,-9223372036854775808,100,-15,-90,-9223372036854775808,-9223372036854775808,-9223372036854775808,100,-9223372036854775808,-9223372036854775808,-9223372036854775808,100, 
1,35, HTC, HTC6525LVW, FA4BSSF00582, D4:0B:1A:0A:DC:BB,990005013901161,1430116140001,1430116440075,300000, Pos5, Low_Power, 61:C4:6E:57:EA:63, ,44011323479509,1430072178191, 2015-04-26 14:16:18.191, 2015-04-27 02:29:49.514,-9223372036854775808,-9223372036854775808,-9223372036854775808,100,-15,-90,-9223372036854775808,-9223372036854775808,-9223372036854775808,100,-9223372036854775808,-9223372036854775808,-9223372036854775808,100, 
1,35, HTC, HTC6525LVW, FA4BSSF00582, D4:0B:1A:0A:DC:BB,990005013901161,1430116140001,1430116440075,300000, Pos2, Low_Power, 44:84:93:0A:88:A1, ,44012005082269,1430072178192, 2015-04-26 14:16:18.192, 2015-04-27 02:29:50.197,-9223372036854775808,-9223372036854775808,-9223372036854775808,100,-15,-91,-9223372036854775808,-9223372036854775808,-9223372036854775808,100,-9223372036854775808,-9223372036854775808,-9223372036854775808,100, 
1,35, HTC, HTC6525LVW, FA4BSSF00582, D4:0B:1A:0A:DC:BB,990005013901161,1430116140001,1430116440075,300000, Pos6, Low_Power, 60:04:A8:FF:94:99, ,44022011069348,1430072178192, 2015-04-26 14:16:18.192, 2015-04-27 02:30:00.203,-9223372036854775808,-9223372036854775808,-9223372036854775808,100,-15,-96,-9223372036854775808,-9223372036854775808,-9223372036854775808,100,-9223372036854775808,-9223372036854775808,-9223372036854775808,100, 
1,35, HTC, HTC6525LVW, FA4BSSF00582, D4:0B:1A:0A:DC:BB,990005013901161,1430116140001,1430116440075,300000, Pos6, Low_Power, 60:04:A8:FF:94:99, ,44023026932005,1430072178191, 2015-04-26 14:16:18.191, 2015-04-27 02:30:01.217,-9223372036854775808,-9223372036854775808,-9223372036854775808,100,-15,-95,-9223372036854775808,-9223372036854775808,-9223372036854775808,100,-9223372036854775808,-9223372036854775808,-9223372036854775808,100, 
1,35, HTC, HTC6525LVW, FA4BSSF00582, D4:0B:1A:0A:DC:BB,990005013901161,1430116140001,1430116440075,300000, Pos8, Low_Power, 56:5A:AF:3F:BB:7F, ,44026183641535,1430072178192, 2015-04-26 14:16:18.192, 2015-04-27 02:30:04.375,-9223372036854775808,-9223372036854775808,-9223372036854775808,100,-15,-98,-9223372036854775808,-9223372036854775808,-9223372036854775808,100,-9223372036854775808,-9223372036854775808,-9223372036854775808,100, 
1,35, HTC, HTC6525LVW, FA4BSSF00582, D4:0B:1A:0A:DC:BB,990005013901161,1430116140001,1430116440075,300000, Pos1, Low_Power, 65:88:44:F4:6E:97, ,44027423858774,1430072178192, 2015-04-26 14:16:18.192, 2015-04-27 02:30:05.615,-9223372036854775808,-9223372036854775808,-9223372036854775808,100,-15,-84,-9223372036854775808,-9223372036854775808,-9223372036854775808,100,-9223372036854775808,-9223372036854775808,-9223372036854775808,100, 
1,35, HTC, HTC6525LVW, FA4BSSF00582, D4:0B:1A:0A:DC:BB,990005013901161,1430116140001,1430116440075,300000, Pos7, Low_Power, 48:68:DC:10:7D:6A, ,44027757681221,1430072178191, 2015-04-26 14:16:18.191, 2015-04-27 02:30:05.948,-9223372036854775808,-9223372036854775808,-9223372036854775808,100,-15,-96,-9223372036854775808,-9223372036854775808,-9223372036854775808,100,-9223372036854775808,-9223372036854775808,-9223372036854775808,100, 
1,35, HTC, HTC6525LVW, FA4BSSF00582, D4:0B:1A:0A:DC:BB,990005013901161,1430116140001,1430116440075,300000, Pos8, Low_Power, 56:5A:AF:3F:BB:7F, ,44028203861743,1430072178191, 2015-04-26 14:16:18.191, 2015-04-27 02:30:06.394,-9223372036854775808,-9223372036854775808,-9223372036854775808,100,-15,-98,-9223372036854775808,-9223372036854775808,-9223372036854775808,100,-9223372036854775808,-9223372036854775808,-9223372036854775808,100, 
1,35, HTC, HTC6525LVW, FA4BSSF00582, D4:0B:1A:0A:DC:BB,990005013901161,1430116140001,1430116440075,300000, Pos1, Low_Power, 65:88:44:F4:6E:97, ,44028427591273,1430072178192, 2015-04-26 14:16:18.192, 2015-04-27 02:30:06.619,-9223372036854775808,-9223372036854775808,-9223372036854775808,100,-15,-85,-9223372036854775808,-9223372036854775808,-9223372036854775808,100,-9223372036854775808,-9223372036854775808,-9223372036854775808,100, 
1,35, HTC, HTC6525LVW, FA4BSSF00582, D4:0B:1A:0A:DC:BB,990005013901161,1430116140001,1430116440075,300000, Pos7, Low_Power, 48:68:DC:10:7D:6A, ,44028766052419,1430072178191, 2015-04-26 14:16:18.191, 2015-04-27 02:30:06.957,-9223372036854775808,-9223372036854775808,-9223372036854775808,100,-15,-99,-9223372036854775808,-9223372036854775808,-9223372036854775808,100,-9223372036854775808,-9223372036854775808,-9223372036854775808,100, 
1,35, HTC, HTC6525LVW, FA4BSSF00582, D4:0B:1A:0A:DC:BB,990005013901161,1430116140001,1430116440075,300000, Pos8, Low_Power, 56:5A:AF:3F:BB:7F, ,44029213155023,1430072178192, 2015-04-26 14:16:18.192, 2015-04-27 02:30:07.405,-9223372036854775808,-9223372036854775808,-9223372036854775808,100,-15,-99,-9223372036854775808,-9223372036854775808,-9223372036854775808,100,-9223372036854775808,-9223372036854775808,-9223372036854775808,100, 
1,35, HTC, HTC6525LVW, FA4BSSF00582, D4:0B:1A:0A:DC:BB,990005013901161,1430116140001,1430116440075,300000, Pos1, Low_Power, 65:88:44:F4:6E:97, ,44029428502523,1430072178191, 2015-04-26 14:16:18.191, 2015-04-27 02:30:07.619,-9223372036854775808,-9223372036854775808,-9223372036854775808,100,-15,-85,-9223372036854775808,-9223372036854775808,-9223372036854775808,100,-9223372036854775808,-9223372036854775808,-9223372036854775808,100, 
1,35, HTC, HTC6525LVW, FA4BSSF00582, D4:0B:1A:0A:DC:BB,990005013901161,1430116140001,1430116440075,300000, Pos3, Low_Power, 5C:60:22:DD:21:10, ,44030906130491,1430072178191, 2015-04-26 14:16:18.191, 2015-04-27 02:30:09.097,-9223372036854775808,-9223372036854775808,-9223372036854775808,100,-15,-98,-9223372036854775808,-9223372036854775808,-9223372036854775808,100,-9223372036854775808,-9223372036854775808,-9223372036854775808,100, 
1,35, HTC, HTC6525LVW, FA4BSSF00582, D4:0B:1A:0A:DC:BB,990005013901161,1430116140001,1430116440075,300000, Pos5, Low_Power, 61:C4:6E:57:EA:63, ,44031464132366,1430072178191, 2015-04-26 14:16:18.191, 2015-04-27 02:30:09.655,-9223372036854775808,-9223372036854775808,-9223372036854775808,100,-15,-90,-9223372036854775808,-9223372036854775808,-9223372036854775808,100,-9223372036854775808,-9223372036854775808,-9223372036854775808,100, 
1,35, HTC, HTC6525LVW, FA4BSSF00582, D4:0B:1A:0A:DC:BB,990005013901161,1430116140001,1430116440075,300000, Pos3, Low_Power, 5C:60:22:DD:21:10, ,44031913127262,1430072178192, 2015-04-26 14:16:18.192, 2015-04-27 02:30:10.105,-9223372036854775808,-9223372036854775808,-9223372036854775808,100,-15,-99,-9223372036854775808,-9223372036854775808,-9223372036854775808,100,-9223372036854775808,-9223372036854775808,-9223372036854775808,100, 
1,35, HTC, HTC6525LVW, FA4BSSF00582, D4:0B:1A:0A:DC:BB,990005013901161,1430116140001,1430116440075,300000, Pos2, Low_Power, 44:84:93:0A:88:A1, ,44033160814761,1430072178192, 2015-04-26 14:16:18.192, 2015-04-27 02:30:11.352,-9223372036854775808,-9223372036854775808,-9223372036854775808,100,-15,-95,-9223372036854775808,-9223372036854775808,-9223372036854775808,100,-9223372036854775808,-9223372036854775808,-9223372036854775808,100, 
1,35, HTC, HTC6525LVW, FA4BSSF00582, D4:0B:1A:0A:DC:BB,990005013901161,1430116140001,1430116440075,300000, Pos2, Low_Power, 44:84:93:0A:88:A1, ,44034166883771,1430072178191, 2015-04-26 14:16:18.191, 2015-04-27 02:30:12.357,-9223372036854775808,-9223372036854775808,-9223372036854775808,100,-15,-92,-9223372036854775808,-9223372036854775808,-9223372036854775808,100,-9223372036854775808,-9223372036854775808,-9223372036854775808,100, 
1,35, HTC, HTC6525LVW, FA4BSSF00582, D4:0B:1A:0A:DC:BB,990005013901161,1430116140001,1430116440075,300000, Pos6, Low_Power, 60:04:A8:FF:94:99, ,44042158363300,1430072178191, 2015-04-26 14:16:18.191, 2015-04-27 02:30:20.349,-9223372036854775808,-9223372036854775808,-9223372036854775808,100,-15,-94,-9223372036854775808,-9223372036854775808,-9223372036854775808,100,-9223372036854775808,-9223372036854775808,-9223372036854775808,100, 
1,35, HTC, HTC6525LVW, FA4BSSF00582, D4:0B:1A:0A:DC:BB,990005013901161,1430116140001,1430116440075,300000, Pos6, Low_Power, 60:04:A8:FF:94:99, ,44043162791528,1430072178192, 2015-04-26 14:16:18.192, 2015-04-27 02:30:21.354,-9223372036854775808,-9223372036854775808,-9223372036854775808,100,-15,-93,-9223372036854775808,-9223372036854775808,-9223372036854775808,100,-9223372036854775808,-9223372036854775808,-9223372036854775808,100, 
1,35, HTC, HTC6525LVW, FA4BSSF00582, D4:0B:1A:0A:DC:BB,990005013901161,1430116140001,1430116440075,300000, Pos8, Low_Power, 56:5A:AF:3F:BB:7F, ,44047331587360,1430072178192, 2015-04-26 14:16:18.192, 2015-04-27 02:30:25.523,-9223372036854775808,-9223372036854775808,-9223372036854775808,100,-15,-99,-9223372036854775808,-9223372036854775808,-9223372036854775808,100,-9223372036854775808,-9223372036854775808,-9223372036854775808,100, 
1,35, HTC, HTC6525LVW, FA4BSSF00582, D4:0B:1A:0A:DC:BB,990005013901161,1430116140001,1430116440075,300000, Pos8, Low_Power, 56:5A:AF:3F:BB:7F, ,44048335772412,1430072178191, 2015-04-26 14:16:18.191, 2015-04-27 02:30:26.526,-9223372036854775808,-9223372036854775808,-9223372036854775808,100,-15,-100,-9223372036854775808,-9223372036854775808,-9223372036854775808,100,-9223372036854775808,-9223372036854775808,-9223372036854775808,100, 
1,35, HTC, HTC6525LVW, FA4BSSF00582, D4:0B:1A:0A:DC:BB,990005013901161,1430116140001,1430116440075,300000, Pos1, Low_Power, 65:88:44:F4:6E:97, ,44050597861317,1430072178192, 2015-04-26 14:16:18.192, 2015-04-27 02:30:28.789,-9223372036854775808,-9223372036854775808,-9223372036854775808,100,-15,-83,-9223372036854775808,-9223372036854775808,-9223372036854775808,100,-9223372036854775808,-9223372036854775808,-9223372036854775808,100, 
1,35, HTC, HTC6525LVW, FA4BSSF00582, D4:0B:1A:0A:DC:BB,990005013901161,1430116140001,1430116440075,300000, Pos1, Low_Power, 65:88:44:F4:6E:97, ,44051602940275,1430072178191, 2015-04-26 14:16:18.191, 2015-04-27 02:30:29.793,-9223372036854775808,-9223372036854775808,-9223372036854775808,100,-15,-86,-9223372036854775808,-9223372036854775808,-9223372036854775808,100,-9223372036854775808,-9223372036854775808,-9223372036854775808,100, 
1,35, HTC, HTC6525LVW, FA4BSSF00582, D4:0B:1A:0A:DC:BB,990005013901161,1430116140001,1430116440075,300000, Pos5, Low_Power, 61:C4:6E:57:EA:63, ,44051613800067,1430072178192, 2015-04-26 14:16:18.192, 2015-04-27 02:30:29.805,-9223372036854775808,-9223372036854775808,-9223372036854775808,100,-15,-94,-9223372036854775808,-9223372036854775808,-9223372036854775808,100,-9223372036854775808,-9223372036854775808,-9223372036854775808,100, 
1,35, HTC, HTC6525LVW, FA4BSSF00582, D4:0B:1A:0A:DC:BB,990005013901161,1430116140001,1430116440075,300000, Pos5, Low_Power, 61:C4:6E:57:EA:63, ,44052609898868,1430072178192, 2015-04-26 14:16:18.192, 2015-04-27 02:30:30.801,-9223372036854775808,-9223372036854775808,-9223372036854775808,100,-15,-94,-9223372036854775808,-9223372036854775808,-9223372036854775808,100,-9223372036854775808,-9223372036854775808,-9223372036854775808,100, 
1,35, HTC, HTC6525LVW, FA4BSSF00582, D4:0B:1A:0A:DC:BB,990005013901161,1430116140001,1430116440075,300000, Pos2, Low_Power, 44:84:93:0A:88:A1, ,44053296350274,1430072178192, 2015-04-26 14:16:18.192, 2015-04-27 02:30:31.488,-9223372036854775808,-9223372036854775808,-9223372036854775808,100,-15,-91,-9223372036854775808,-9223372036854775808,-9223372036854775808,100,-9223372036854775808,-9223372036854775808,-9223372036854775808,100, 
1,35, HTC, HTC6525LVW, FA4BSSF00582, D4:0B:1A:0A:DC:BB,990005013901161,1430116140001,1430116440075,300000, Pos2, Low_Power, 44:84:93:0A:88:A1, ,44054303184337,1430072178192, 2015-04-26 14:16:18.192, 2015-04-27 02:30:32.495,-9223372036854775808,-9223372036854775808,-9223372036854775808,100,-15,-91,-9223372036854775808,-9223372036854775808,-9223372036854775808,100,-9223372036854775808,-9223372036854775808,-9223372036854775808,100, 
1,35, HTC, HTC6525LVW, FA4BSSF00582, D4:0B:1A:0A:DC:BB,990005013901161,1430116140001,1430116440075,300000, Pos2, Low_Power, 44:84:93:0A:88:A1, ,44055312555585,1430072178191, 2015-04-26 14:16:18.191, 2015-04-27 02:30:33.503,-9223372036854775808,-9223372036854775808,-9223372036854775808,100,-15,-91,-9223372036854775808,-9223372036854775808,-9223372036854775808,100,-9223372036854775808,-9223372036854775808,-9223372036854775808,100, 
1,35, HTC, HTC6525LVW, FA4BSSF00582, D4:0B:1A:0A:DC:BB,990005013901161,1430116140001,1430116440075,300000, Pos6, Low_Power, 60:04:A8:FF:94:99, ,44061279151104,1430072178191, 2015-04-26 14:16:18.191, 2015-04-27 02:30:39.470,-9223372036854775808,-9223372036854775808,-9223372036854775808,100,-15,-95,-9223372036854775808,-9223372036854775808,-9223372036854775808,100,-9223372036854775808,-9223372036854775808,-9223372036854775808,100, 
1,35, HTC, HTC6525LVW, FA4BSSF00582, D4:0B:1A:0A:DC:BB,990005013901161,1430116140001,1430116440075,300000, Pos6, Low_Power, 60:04:A8:FF:94:99, ,44062281716364,1430072178191, 2015-04-26 14:16:18.191, 2015-04-27 02:30:40.472,-9223372036854775808,-9223372036854775808,-9223372036854775808,100,-15,-95,-9223372036854775808,-9223372036854775808,-9223372036854775808,100,-9223372036854775808,-9223372036854775808,-9223372036854775808,100, 
1,35, HTC, HTC6525LVW, FA4BSSF00582, D4:0B:1A:0A:DC:BB,990005013901161,1430116140001,1430116440075,300000, Pos8, Low_Power, 56:5A:AF:3F:BB:7F, ,44068488045163,1430072178192, 2015-04-26 14:16:18.192, 2015-04-27 02:30:46.680,-9223372036854775808,-9223372036854775808,-9223372036854775808,100,-15,-100,-9223372036854775808,-9223372036854775808,-9223372036854775808,100,-9223372036854775808,-9223372036854775808,-9223372036854775808,100, 
1,35, HTC, HTC6525LVW, FA4BSSF00582, D4:0B:1A:0A:DC:BB,990005013901161,1430116140001,1430116440075,300000, Pos8, Low_Power, 56:5A:AF:3F:BB:7F, ,44069488359278,1430072178192, 2015-04-26 14:16:18.192, 2015-04-27 02:30:47.680,-9223372036854775808,-9223372036854775808,-9223372036854775808,100,-15,-98,-9223372036854775808,-9223372036854775808,-9223372036854775808,100,-9223372036854775808,-9223372036854775808,-9223372036854775808,100, 
1,35, HTC, HTC6525LVW, FA4BSSF00582, D4:0B:1A:0A:DC:BB,990005013901161,1430116140001,1430116440075,300000, Pos1, Low_Power, 65:88:44:F4:6E:97, ,44069720112091,1430072178191, 2015-04-26 14:16:18.191, 2015-04-27 02:30:47.911,-9223372036854775808,-9223372036854775808,-9223372036854775808,100,-15,-87,-9223372036854775808,-9223372036854775808,-9223372036854775808,100,-9223372036854775808,-9223372036854775808,-9223372036854775808,100, 
1,35, HTC, HTC6525LVW, FA4BSSF00582, D4:0B:1A:0A:DC:BB,990005013901161,1430116140001,1430116440075,300000, Pos5, Low_Power, 61:C4:6E:57:EA:63, ,44069731145789,1430072178191, 2015-04-26 14:16:18.191, 2015-04-27 02:30:47.922,-9223372036854775808,-9223372036854775808,-9223372036854775808,100,-15,-96,-9223372036854775808,-9223372036854775808,-9223372036854775808,100,-9223372036854775808,-9223372036854775808,-9223372036854775808,100, 
1,35, HTC, HTC6525LVW, FA4BSSF00582, D4:0B:1A:0A:DC:BB,990005013901161,1430116140001,1430116440075,300000, Pos7, Low_Power, 48:68:DC:10:7D:6A, ,44071055718861,1430072178191, 2015-04-26 14:16:18.191, 2015-04-27 02:30:49.246,-9223372036854775808,-9223372036854775808,-9223372036854775808,100,-15,-97,-9223372036854775808,-9223372036854775808,-9223372036854775808,100,-9223372036854775808,-9223372036854775808,-9223372036854775808,100, 
1,35, HTC, HTC6525LVW, FA4BSSF00582, D4:0B:1A:0A:DC:BB,990005013901161,1430116140001,1430116440075,300000, Pos1, Low_Power, 65:88:44:F4:6E:97, ,44071735812611,1430072178191, 2015-04-26 14:16:18.191, 2015-04-27 02:30:49.926,-9223372036854775808,-9223372036854775808,-9223372036854775808,100,-15,-88,-9223372036854775808,-9223372036854775808,-9223372036854775808,100,-9223372036854775808,-9223372036854775808,-9223372036854775808,100, 
1,35, HTC, HTC6525LVW, FA4BSSF00582, D4:0B:1A:0A:DC:BB,990005013901161,1430116140001,1430116440075,300000, Pos3, Low_Power, 5C:60:22:DD:21:10, ,44073203618392,1430072178191, 2015-04-26 14:16:18.191, 2015-04-27 02:30:51.394,-9223372036854775808,-9223372036854775808,-9223372036854775808,100,-15,-99,-9223372036854775808,-9223372036854775808,-9223372036854775808,100,-9223372036854775808,-9223372036854775808,-9223372036854775808,100, 
1,35, HTC, HTC6525LVW, FA4BSSF00582, D4:0B:1A:0A:DC:BB,990005013901161,1430116140001,1430116440075,300000, Pos2, Low_Power, 44:84:93:0A:88:A1, ,44073437282975,1430072178191, 2015-04-26 14:16:18.191, 2015-04-27 02:30:51.628,-9223372036854775808,-9223372036854775808,-9223372036854775808,100,-15,-91,-9223372036854775808,-9223372036854775808,-9223372036854775808,100,-9223372036854775808,-9223372036854775808,-9223372036854775808,100, 
1,35, HTC, HTC6525LVW, FA4BSSF00582, D4:0B:1A:0A:DC:BB,990005013901161,1430116140001,1430116440075,300000, Pos3, Low_Power, 5C:60:22:DD:21:10, ,44074203052975,1430072178191, 2015-04-26 14:16:18.191, 2015-04-27 02:30:52.394,-9223372036854775808,-9223372036854775808,-9223372036854775808,100,-15,-97,-9223372036854775808,-9223372036854775808,-9223372036854775808,100,-9223372036854775808,-9223372036854775808,-9223372036854775808,100, 
1,35, HTC, HTC6525LVW, FA4BSSF00582, D4:0B:1A:0A:DC:BB,990005013901161,1430116140001,1430116440075,300000, Pos2, Low_Power, 44:84:93:0A:88:A1, ,44074444815943,1430072178192, 2015-04-26 14:16:18.192, 2015-04-27 02:30:52.636,-9223372036854775808,-9223372036854775808,-9223372036854775808,100,-15,-92,-9223372036854775808,-9223372036854775808,-9223372036854775808,100,-9223372036854775808,-9223372036854775808,-9223372036854775808,100, 
1,35, HTC, HTC6525LVW, FA4BSSF00582, D4:0B:1A:0A:DC:BB,990005013901161,1430116140001,1430116440075,300000, Pos6, Low_Power, 60:04:A8:FF:94:99, ,44082433283388,1430072178191, 2015-04-26 14:16:18.191, 2015-04-27 02:31:00.624,-9223372036854775808,-9223372036854775808,-9223372036854775808,100,-15,-93,-9223372036854775808,-9223372036854775808,-9223372036854775808,100,-9223372036854775808,-9223372036854775808,-9223372036854775808,100, 
1,35, HTC, HTC6525LVW, FA4BSSF00582, D4:0B:1A:0A:DC:BB,990005013901161,1430116140001,1430116440075,300000, Pos6, Low_Power, 60:04:A8:FF:94:99, ,44083440336773,1430072178191, 2015-04-26 14:16:18.191, 2015-04-27 02:31:01.631,-9223372036854775808,-9223372036854775808,-9223372036854775808,100,-15,-92,-9223372036854775808,-9223372036854775808,-9223372036854775808,100,-9223372036854775808,-9223372036854775808,-9223372036854775808,100, 
1,35, HTC, HTC6525LVW, FA4BSSF00582, D4:0B:1A:0A:DC:BB,990005013901161,1430116140001,1430116440075,300000, Pos6, Low_Power, 60:04:A8:FF:94:99, ,44084450590106,1430072178191, 2015-04-26 14:16:18.191, 2015-04-27 02:31:02.641,-9223372036854775808,-9223372036854775808,-9223372036854775808,100,-15,-96,-9223372036854775808,-9223372036854775808,-9223372036854775808,100,-9223372036854775808,-9223372036854775808,-9223372036854775808,100, 
1,35, HTC, HTC6525LVW, FA4BSSF00582, D4:0B:1A:0A:DC:BB,990005013901161,1430116140001,1430116440075,300000, Pos8, Low_Power, 56:5A:AF:3F:BB:7F, ,44086595992032,1430072178192, 2015-04-26 14:16:18.192, 2015-04-27 02:31:04.787,-9223372036854775808,-9223372036854775808,-9223372036854775808,100,-15,-93,-9223372036854775808,-9223372036854775808,-9223372036854775808,100,-9223372036854775808,-9223372036854775808,-9223372036854775808,100, 
1,35, HTC, HTC6525LVW, FA4BSSF00582, D4:0B:1A:0A:DC:BB,990005013901161,1430116140001,1430116440075,300000, Pos8, Low_Power, 56:5A:AF:3F:BB:7F, ,44087600262917,1430072178191, 2015-04-26 14:16:18.191, 2015-04-27 02:31:05.791,-9223372036854775808,-9223372036854775808,-9223372036854775808,100,-15,-94,-9223372036854775808,-9223372036854775808,-9223372036854775808,100,-9223372036854775808,-9223372036854775808,-9223372036854775808,100, 
1,35, HTC, HTC6525LVW, FA4BSSF00582, D4:0B:1A:0A:DC:BB,990005013901161,1430116140001,1430116440075,300000, Pos3, Low_Power, 5C:60:22:DD:21:10, ,44089297359636,1430072178192, 2015-04-26 14:16:18.192, 2015-04-27 02:31:07.489,-9223372036854775808,-9223372036854775808,-9223372036854775808,100,-15,-97,-9223372036854775808,-9223372036854775808,-9223372036854775808,100,-9223372036854775808,-9223372036854775808,-9223372036854775808,100, 
1,35, HTC, HTC6525LVW, FA4BSSF00582, D4:0B:1A:0A:DC:BB,990005013901161,1430116140001,1430116440075,300000, Pos5, Low_Power, 61:C4:6E:57:EA:63, ,44089853628802,1430072178192, 2015-04-26 14:16:18.192, 2015-04-27 02:31:08.045,-9223372036854775808,-9223372036854775808,-9223372036854775808,100,-15,-90,-9223372036854775808,-9223372036854775808,-9223372036854775808,100,-9223372036854775808,-9223372036854775808,-9223372036854775808,100, 
1,35, HTC, HTC6525LVW, FA4BSSF00582, D4:0B:1A:0A:DC:BB,990005013901161,1430116140001,1430116440075,300000, Pos7, Low_Power, 48:68:DC:10:7D:6A, ,44090202795104,1430072178191, 2015-04-26 14:16:18.191, 2015-04-27 02:31:08.393,-9223372036854775808,-9223372036854775808,-9223372036854775808,100,-15,-97,-9223372036854775808,-9223372036854775808,-9223372036854775808,100,-9223372036854775808,-9223372036854775808,-9223372036854775808,100, 
1,35, HTC, HTC6525LVW, FA4BSSF00582, D4:0B:1A:0A:DC:BB,990005013901161,1430116140001,1430116440075,300000, Pos3, Low_Power, 5C:60:22:DD:21:10, ,44090302886615,1430072178191, 2015-04-26 14:16:18.191, 2015-04-27 02:31:08.493,-9223372036854775808,-9223372036854775808,-9223372036854775808,100,-15,-97,-9223372036854775808,-9223372036854775808,-9223372036854775808,100,-9223372036854775808,-9223372036854775808,-9223372036854775808,100, 
1,35, HTC, HTC6525LVW, FA4BSSF00582, D4:0B:1A:0A:DC:BB,990005013901161,1430116140001,1430116440075,300000, Pos5, Low_Power, 61:C4:6E:57:EA:63, ,44090857792708,1430072178192, 2015-04-26 14:16:18.192, 2015-04-27 02:31:09.049,-9223372036854775808,-9223372036854775808,-9223372036854775808,100,-15,-90,-9223372036854775808,-9223372036854775808,-9223372036854775808,100,-9223372036854775808,-9223372036854775808,-9223372036854775808,100, 
1,35, HTC, HTC6525LVW, FA4BSSF00582, D4:0B:1A:0A:DC:BB,990005013901161,1430116140001,1430116440075,300000, Pos1, Low_Power, 65:88:44:F4:6E:97, ,44090866621666,1430072178191, 2015-04-26 14:16:18.191, 2015-04-27 02:31:09.057,-9223372036854775808,-9223372036854775808,-9223372036854775808,100,-15,-84,-9223372036854775808,-9223372036854775808,-9223372036854775808,100,-9223372036854775808,-9223372036854775808,-9223372036854775808,100, 
1,35, HTC, HTC6525LVW, FA4BSSF00582, D4:0B:1A:0A:DC:BB,990005013901161,1430116140001,1430116440075,300000, Pos3, Low_Power, 5C:60:22:DD:21:10, ,44091310622135,1430072178192, 2015-04-26 14:16:18.192, 2015-04-27 02:31:09.502,-9223372036854775808,-9223372036854775808,-9223372036854775808,100,-15,-98,-9223372036854775808,-9223372036854775808,-9223372036854775808,100,-9223372036854775808,-9223372036854775808,-9223372036854775808,100, 
1,35, HTC, HTC6525LVW, FA4BSSF00582, D4:0B:1A:0A:DC:BB,990005013901161,1430116140001,1430116440075,300000, Pos1, Low_Power, 65:88:44:F4:6E:97, ,44091873334375,1430072178192, 2015-04-26 14:16:18.192, 2015-04-27 02:31:10.065,-9223372036854775808,-9223372036854775808,-9223372036854775808,100,-15,-83,-9223372036854775808,-9223372036854775808,-9223372036854775808,100,-9223372036854775808,-9223372036854775808,-9223372036854775808,100, 
1,35, HTC, HTC6525LVW, FA4BSSF00582, D4:0B:1A:0A:DC:BB,990005013901161,1430116140001,1430116440075,300000, Pos7, Low_Power, 48:68:DC:10:7D:6A, ,44092213205780,1430072178192, 2015-04-26 14:16:18.192, 2015-04-27 02:31:10.405,-9223372036854775808,-9223372036854775808,-9223372036854775808,100,-15,-95,-9223372036854775808,-9223372036854775808,-9223372036854775808,100,-9223372036854775808,-9223372036854775808,-9223372036854775808,100, 
1,35, HTC, HTC6525LVW, FA4BSSF00582, D4:0B:1A:0A:DC:BB,990005013901161,1430116140001,1430116440075,300000, Pos2, Low_Power, 44:84:93:0A:88:A1, ,44097610681403,1430072178191, 2015-04-26 14:16:18.191, 2015-04-27 02:31:15.801,-9223372036854775808,-9223372036854775808,-9223372036854775808,100,-15,-92,-9223372036854775808,-9223372036854775808,-9223372036854775808,100,-9223372036854775808,-9223372036854775808,-9223372036854775808,100, 
1,35, HTC, HTC6525LVW, FA4BSSF00582, D4:0B:1A:0A:DC:BB,990005013901161,1430116140001,1430116440075,300000, Pos6, Low_Power, 60:04:A8:FF:94:99, ,44104594956453,1430072178192, 2015-04-26 14:16:18.192, 2015-04-27 02:31:22.786,-9223372036854775808,-9223372036854775808,-9223372036854775808,100,-15,-92,-9223372036854775808,-9223372036854775808,-9223372036854775808,100,-9223372036854775808,-9223372036854775808,-9223372036854775808,100, 
1,35, HTC, HTC6525LVW, FA4BSSF00582, D4:0B:1A:0A:DC:BB,990005013901161,1430116140001,1430116440075,300000, Pos6, Low_Power, 60:04:A8:FF:94:99, ,44105600769472,1430072178192, 2015-04-26 14:16:18.192, 2015-04-27 02:31:23.792,-9223372036854775808,-9223372036854775808,-9223372036854775808,100,-15,-93,-9223372036854775808,-9223372036854775808,-9223372036854775808,100,-9223372036854775808,-9223372036854775808,-9223372036854775808,100, 
1,35, HTC, HTC6525LVW, FA4BSSF00582, D4:0B:1A:0A:DC:BB,990005013901161,1430116140001,1430116440075,300000, Pos8, Low_Power, 56:5A:AF:3F:BB:7F, ,44106736111503,1430072178192, 2015-04-26 14:16:18.192, 2015-04-27 02:31:24.928,-9223372036854775808,-9223372036854775808,-9223372036854775808,100,-15,-100,-9223372036854775808,-9223372036854775808,-9223372036854775808,100,-9223372036854775808,-9223372036854775808,-9223372036854775808,100, 
1,35, HTC, HTC6525LVW, FA4BSSF00582, D4:0B:1A:0A:DC:BB,990005013901161,1430116140001,1430116440075,300000, Pos8, Low_Power, 56:5A:AF:3F:BB:7F, ,44108752817128,1430072178191, 2015-04-26 14:16:18.191, 2015-04-27 02:31:26.943,-9223372036854775808,-9223372036854775808,-9223372036854775808,100,-15,-98,-9223372036854775808,-9223372036854775808,-9223372036854775808,100,-9223372036854775808,-9223372036854775808,-9223372036854775808,100, 
1,35, HTC, HTC6525LVW, FA4BSSF00582, D4:0B:1A:0A:DC:BB,990005013901161,1430116140001,1430116440075,300000, Pos1, Low_Power, 65:88:44:F4:6E:97, ,44108980995617,1430072178191, 2015-04-26 14:16:18.191, 2015-04-27 02:31:27.171,-9223372036854775808,-9223372036854775808,-9223372036854775808,100,-15,-86,-9223372036854775808,-9223372036854775808,-9223372036854775808,100,-9223372036854775808,-9223372036854775808,-9223372036854775808,100, 
1,35, HTC, HTC6525LVW, FA4BSSF00582, D4:0B:1A:0A:DC:BB,990005013901161,1430116140001,1430116440075,300000, Pos7, Low_Power, 48:68:DC:10:7D:6A, ,44109307838482,1430072178191, 2015-04-26 14:16:18.191, 2015-04-27 02:31:27.498,-9223372036854775808,-9223372036854775808,-9223372036854775808,100,-15,-98,-9223372036854775808,-9223372036854775808,-9223372036854775808,100,-9223372036854775808,-9223372036854775808,-9223372036854775808,100, 
1,35, HTC, HTC6525LVW, FA4BSSF00582, D4:0B:1A:0A:DC:BB,990005013901161,1430116140001,1430116440075,300000, Pos3, Low_Power, 5C:60:22:DD:21:10, ,44109423224055,1430072178192, 2015-04-26 14:16:18.192, 2015-04-27 02:31:27.615,-9223372036854775808,-9223372036854775808,-9223372036854775808,100,-15,-97,-9223372036854775808,-9223372036854775808,-9223372036854775808,100,-9223372036854775808,-9223372036854775808,-9223372036854775808,100, 
1,35, HTC, HTC6525LVW, FA4BSSF00582, D4:0B:1A:0A:DC:BB,990005013901161,1430116140001,1430116440075,300000, Pos8, Low_Power, 56:5A:AF:3F:BB:7F, ,44109759119367,1430072178191, 2015-04-26 14:16:18.191, 2015-04-27 02:31:27.950,-9223372036854775808,-9223372036854775808,-9223372036854775808,100,-15,-99,-9223372036854775808,-9223372036854775808,-9223372036854775808,100,-9223372036854775808,-9223372036854775808,-9223372036854775808,100, 
1,35, HTC, HTC6525LVW, FA4BSSF00582, D4:0B:1A:0A:DC:BB,990005013901161,1430116140001,1430116440075,300000, Pos1, Low_Power, 65:88:44:F4:6E:97, ,44109986525253,1430072178191, 2015-04-26 14:16:18.191, 2015-04-27 02:31:28.177,-9223372036854775808,-9223372036854775808,-9223372036854775808,100,-15,-85,-9223372036854775808,-9223372036854775808,-9223372036854775808,100,-9223372036854775808,-9223372036854775808,-9223372036854775808,100, 
1,35, HTC, HTC6525LVW, FA4BSSF00582, D4:0B:1A:0A:DC:BB,990005013901161,1430116140001,1430116440075,300000, Pos7, Low_Power, 48:68:DC:10:7D:6A, ,44110324354576,1430072178191, 2015-04-26 14:16:18.191, 2015-04-27 02:31:28.515,-9223372036854775808,-9223372036854775808,-9223372036854775808,100,-15,-95,-9223372036854775808,-9223372036854775808,-9223372036854775808,100,-9223372036854775808,-9223372036854775808,-9223372036854775808,100, 
1,35, HTC, HTC6525LVW, FA4BSSF00582, D4:0B:1A:0A:DC:BB,990005013901161,1430116140001,1430116440075,300000, Pos3, Low_Power, 5C:60:22:DD:21:10, ,44110434269314,1430072178191, 2015-04-26 14:16:18.191, 2015-04-27 02:31:28.625,-9223372036854775808,-9223372036854775808,-9223372036854775808,100,-15,-95,-9223372036854775808,-9223372036854775808,-9223372036854775808,100,-9223372036854775808,-9223372036854775808,-9223372036854775808,100, 
1,35, HTC, HTC6525LVW, FA4BSSF00582, D4:0B:1A:0A:DC:BB,990005013901161,1430116140001,1430116440075,300000, Pos3, Low_Power, 5C:60:22:DD:21:10, ,44111443385565,1430072178191, 2015-04-26 14:16:18.191, 2015-04-27 02:31:29.634,-9223372036854775808,-9223372036854775808,-9223372036854775808,100,-15,-96,-9223372036854775808,-9223372036854775808,-9223372036854775808,100,-9223372036854775808,-9223372036854775808,-9223372036854775808,100, 
1,35, HTC, HTC6525LVW, FA4BSSF00582, D4:0B:1A:0A:DC:BB,990005013901161,1430116140001,1430116440075,300000, Pos5, Low_Power, 61:C4:6E:57:EA:63, ,44112016349679,1430072178191, 2015-04-26 14:16:18.191, 2015-04-27 02:31:30.207,-9223372036854775808,-9223372036854775808,-9223372036854775808,100,-15,-90,-9223372036854775808,-9223372036854775808,-9223372036854775808,100,-9223372036854775808,-9223372036854775808,-9223372036854775808,100, 
1,35, HTC, HTC6525LVW, FA4BSSF00582, D4:0B:1A:0A:DC:BB,990005013901161,1430116140001,1430116440075,300000, Pos3, Low_Power, 5C:60:22:DD:21:10, ,44112459783377,1430072178191, 2015-04-26 14:16:18.191, 2015-04-27 02:31:30.650,-9223372036854775808,-9223372036854775808,-9223372036854775808,100,-15,-96,-9223372036854775808,-9223372036854775808,-9223372036854775808,100,-9223372036854775808,-9223372036854775808,-9223372036854775808,100, 
1,35, HTC, HTC6525LVW, FA4BSSF00582, D4:0B:1A:0A:DC:BB,990005013901161,1430116140001,1430116440075,300000, Pos5, Low_Power, 61:C4:6E:57:EA:63, ,44113025555928,1430072178191, 2015-04-26 14:16:18.191, 2015-04-27 02:31:31.216,-9223372036854775808,-9223372036854775808,-9223372036854775808,100,-15,-94,-9223372036854775808,-9223372036854775808,-9223372036854775808,100,-9223372036854775808,-9223372036854775808,-9223372036854775808,100, 
1,35, HTC, HTC6525LVW, FA4BSSF00582, D4:0B:1A:0A:DC:BB,990005013901161,1430116140001,1430116440075,300000, Pos2, Low_Power, 44:84:93:0A:88:A1, ,44115729641240,1430072178191, 2015-04-26 14:16:18.191, 2015-04-27 02:31:33.920,-9223372036854775808,-9223372036854775808,-9223372036854775808,100,-15,-90,-9223372036854775808,-9223372036854775808,-9223372036854775808,100,-9223372036854775808,-9223372036854775808,-9223372036854775808,100, 
1,35, HTC, HTC6525LVW, FA4BSSF00582, D4:0B:1A:0A:DC:BB,990005013901161,1430116140001,1430116440075,300000, Pos8, Low_Power, 56:5A:AF:3F:BB:7F, ,44127875049465,1430072178191, 2015-04-26 14:16:18.191, 2015-04-27 02:31:46.066,-9223372036854775808,-9223372036854775808,-9223372036854775808,100,-15,-93,-9223372036854775808,-9223372036854775808,-9223372036854775808,100,-9223372036854775808,-9223372036854775808,-9223372036854775808,100, 
1,35, HTC, HTC6525LVW, FA4BSSF00582, D4:0B:1A:0A:DC:BB,990005013901161,1430116140001,1430116440075,300000, Pos8, Low_Power, 56:5A:AF:3F:BB:7F, ,44128880684412,1430072178191, 2015-04-26 14:16:18.191, 2015-04-27 02:31:47.071,-9223372036854775808,-9223372036854775808,-9223372036854775808,100,-15,-92,-9223372036854775808,-9223372036854775808,-9223372036854775808,100,-9223372036854775808,-9223372036854775808,-9223372036854775808,100, 
1,35, HTC, HTC6525LVW, FA4BSSF00582, D4:0B:1A:0A:DC:BB,990005013901161,1430116140001,1430116440075,300000, Pos1, Low_Power, 65:88:44:F4:6E:97, ,44130128625922,1430072178192, 2015-04-26 14:16:18.192, 2015-04-27 02:31:48.320,-9223372036854775808,-9223372036854775808,-9223372036854775808,100,-15,-88,-9223372036854775808,-9223372036854775808,-9223372036854775808,100,-9223372036854775808,-9223372036854775808,-9223372036854775808,100, 
1,35, HTC, HTC6525LVW, FA4BSSF00582, D4:0B:1A:0A:DC:BB,990005013901161,1430116140001,1430116440075,300000, Pos7, Low_Power, 48:68:DC:10:7D:6A, ,44130469093682,1430072178191, 2015-04-26 14:16:18.191, 2015-04-27 02:31:48.660,-9223372036854775808,-9223372036854775808,-9223372036854775808,100,-15,-96,-9223372036854775808,-9223372036854775808,-9223372036854775808,100,-9223372036854775808,-9223372036854775808,-9223372036854775808,100, 
1,35, HTC, HTC6525LVW, FA4BSSF00582, D4:0B:1A:0A:DC:BB,990005013901161,1430116140001,1430116440075,300000, Pos5, Low_Power, 61:C4:6E:57:EA:63, ,44131143774256,1430072178192, 2015-04-26 14:16:18.192, 2015-04-27 02:31:49.335,-9223372036854775808,-9223372036854775808,-9223372036854775808,100,-15,-91,-9223372036854775808,-9223372036854775808,-9223372036854775808,100,-9223372036854775808,-9223372036854775808,-9223372036854775808,100, 
1,35, HTC, HTC6525LVW, FA4BSSF00582, D4:0B:1A:0A:DC:BB,990005013901161,1430116140001,1430116440075,300000, Pos7, Low_Power, 48:68:DC:10:7D:6A, ,44131478539411,1430072178192, 2015-04-26 14:16:18.192, 2015-04-27 02:31:49.670,-9223372036854775808,-9223372036854775808,-9223372036854775808,100,-15,-97,-9223372036854775808,-9223372036854775808,-9223372036854775808,100,-9223372036854775808,-9223372036854775808,-9223372036854775808,100, 
1,35, HTC, HTC6525LVW, FA4BSSF00582, D4:0B:1A:0A:DC:BB,990005013901161,1430116140001,1430116440075,300000, Pos3, Low_Power, 5C:60:22:DD:21:10, ,44131595706703,1430072178191, 2015-04-26 14:16:18.191, 2015-04-27 02:31:49.786,-9223372036854775808,-9223372036854775808,-9223372036854775808,100,-15,-96,-9223372036854775808,-9223372036854775808,-9223372036854775808,100,-9223372036854775808,-9223372036854775808,-9223372036854775808,100, 
1,35, HTC, HTC6525LVW, FA4BSSF00582, D4:0B:1A:0A:DC:BB,990005013901161,1430116140001,1430116440075,300000, Pos3, Low_Power, 5C:60:22:DD:21:10, ,44132598440713,1430072178192, 2015-04-26 14:16:18.192, 2015-04-27 02:31:50.790,-9223372036854775808,-9223372036854775808,-9223372036854775808,100,-15,-97,-9223372036854775808,-9223372036854775808,-9223372036854775808,100,-9223372036854775808,-9223372036854775808,-9223372036854775808,100, 
1,35, HTC, HTC6525LVW, FA4BSSF00582, D4:0B:1A:0A:DC:BB,990005013901161,1430116140001,1430116440075,300000, Pos5, Low_Power, 61:C4:6E:57:EA:63, ,44133166911077,1430072178192, 2015-04-26 14:16:18.192, 2015-04-27 02:31:51.358,-9223372036854775808,-9223372036854775808,-9223372036854775808,100,-15,-95,-9223372036854775808,-9223372036854775808,-9223372036854775808,100,-9223372036854775808,-9223372036854775808,-9223372036854775808,100, 
1,35, HTC, HTC6525LVW, FA4BSSF00582, D4:0B:1A:0A:DC:BB,990005013901161,1430116140001,1430116440075,300000, Pos5, Low_Power, 61:C4:6E:57:EA:63, ,44134174969514,1430072178191, 2015-04-26 14:16:18.191, 2015-04-27 02:31:52.365,-9223372036854775808,-9223372036854775808,-9223372036854775808,100,-15,-95,-9223372036854775808,-9223372036854775808,-9223372036854775808,100,-9223372036854775808,-9223372036854775808,-9223372036854775808,100, 
1,35, HTC, HTC6525LVW, FA4BSSF00582, D4:0B:1A:0A:DC:BB,990005013901161,1430116140001,1430116440075,300000, Pos2, Low_Power, 44:84:93:0A:88:A1, ,44135864955451,1430072178191, 2015-04-26 14:16:18.191, 2015-04-27 02:31:54.055,-9223372036854775808,-9223372036854775808,-9223372036854775808,100,-15,-102,-9223372036854775808,-9223372036854775808,-9223372036854775808,100,-9223372036854775808,-9223372036854775808,-9223372036854775808,100, 
1,35, HTC, HTC6525LVW, FA4BSSF00582, D4:0B:1A:0A:DC:BB,990005013901161,1430116140001,1430116440075,300000, Pos6, Low_Power, 60:04:A8:FF:94:99, ,44144865711021,1430072178192, 2015-04-26 14:16:18.192, 2015-04-27 02:32:03.057,-9223372036854775808,-9223372036854775808,-9223372036854775808,100,-15,-92,-9223372036854775808,-9223372036854775808,-9223372036854775808,100,-9223372036854775808,-9223372036854775808,-9223372036854775808,100, 
1,35, HTC, HTC6525LVW, FA4BSSF00582, D4:0B:1A:0A:DC:BB,990005013901161,1430116140001,1430116440075,300000, Pos6, Low_Power, 60:04:A8:FF:94:99, ,44145872116853,1430072178192, 2015-04-26 14:16:18.192, 2015-04-27 02:32:04.064,-9223372036854775808,-9223372036854775808,-9223372036854775808,100,-15,-92,-9223372036854775808,-9223372036854775808,-9223372036854775808,100,-9223372036854775808,-9223372036854775808,-9223372036854775808,100, 
1,35, HTC, HTC6525LVW, FA4BSSF00582, D4:0B:1A:0A:DC:BB,990005013901161,1430116140001,1430116440075,300000, Pos8, Low_Power, 56:5A:AF:3F:BB:7F, ,44149030495394,1430072178191, 2015-04-26 14:16:18.191, 2015-04-27 02:32:07.221,-9223372036854775808,-9223372036854775808,-9223372036854775808,100,-15,-93,-9223372036854775808,-9223372036854775808,-9223372036854775808,100,-9223372036854775808,-9223372036854775808,-9223372036854775808,100, 
1,35, HTC, HTC6525LVW, FA4BSSF00582, D4:0B:1A:0A:DC:BB,990005013901161,1430116140001,1430116440075,300000, Pos8, Low_Power, 56:5A:AF:3F:BB:7F, ,44150033830758,1430072178191, 2015-04-26 14:16:18.191, 2015-04-27 02:32:08.224,-9223372036854775808,-9223372036854775808,-9223372036854775808,100,-15,-98,-9223372036854775808,-9223372036854775808,-9223372036854775808,100,-9223372036854775808,-9223372036854775808,-9223372036854775808,100, 
1,35, HTC, HTC6525LVW, FA4BSSF00582, D4:0B:1A:0A:DC:BB,990005013901161,1430116140001,1430116440075,300000, Pos1, Low_Power, 65:88:44:F4:6E:97, ,44150270979039,1430072178192, 2015-04-26 14:16:18.192, 2015-04-27 02:32:08.462,-9223372036854775808,-9223372036854775808,-9223372036854775808,100,-15,-85,-9223372036854775808,-9223372036854775808,-9223372036854775808,100,-9223372036854775808,-9223372036854775808,-9223372036854775808,100, 
1,35, HTC, HTC6525LVW, FA4BSSF00582, D4:0B:1A:0A:DC:BB,990005013901161,1430116140001,1430116440075,300000, Pos7, Low_Power, 48:68:DC:10:7D:6A, ,44150606116070,1430072178191, 2015-04-26 14:16:18.191, 2015-04-27 02:32:08.797,-9223372036854775808,-9223372036854775808,-9223372036854775808,100,-15,-96,-9223372036854775808,-9223372036854775808,-9223372036854775808,100,-9223372036854775808,-9223372036854775808,-9223372036854775808,100, 
1,35, HTC, HTC6525LVW, FA4BSSF00582, D4:0B:1A:0A:DC:BB,990005013901161,1430116140001,1430116440075,300000, Pos1, Low_Power, 65:88:44:F4:6E:97, ,44151279712372,1430072178192, 2015-04-26 14:16:18.192, 2015-04-27 02:32:09.471,-9223372036854775808,-9223372036854775808,-9223372036854775808,100,-15,-84,-9223372036854775808,-9223372036854775808,-9223372036854775808,100,-9223372036854775808,-9223372036854775808,-9223372036854775808,100, 
1,35, HTC, HTC6525LVW, FA4BSSF00582, D4:0B:1A:0A:DC:BB,990005013901161,1430116140001,1430116440075,300000, Pos3, Low_Power, 5C:60:22:DD:21:10, ,44151730814455,1430072178192, 2015-04-26 14:16:18.192, 2015-04-27 02:32:09.922,-9223372036854775808,-9223372036854775808,-9223372036854775808,100,-15,-96,-9223372036854775808,-9223372036854775808,-9223372036854775808,100,-9223372036854775808,-9223372036854775808,-9223372036854775808,100, 
1,35, HTC, HTC6525LVW, FA4BSSF00582, D4:0B:1A:0A:DC:BB,990005013901161,1430116140001,1430116440075,300000, Pos1, Low_Power, 65:88:44:F4:6E:97, ,44152284949508,1430072178191, 2015-04-26 14:16:18.191, 2015-04-27 02:32:10.475,-9223372036854775808,-9223372036854775808,-9223372036854775808,100,-15,-85,-9223372036854775808,-9223372036854775808,-9223372036854775808,100,-9223372036854775808,-9223372036854775808,-9223372036854775808,100, 
1,35, HTC, HTC6525LVW, FA4BSSF00582, D4:0B:1A:0A:DC:BB,990005013901161,1430116140001,1430116440075,300000, Pos3, Low_Power, 5C:60:22:DD:21:10, ,44152739220601,1430072178192, 2015-04-26 14:16:18.192, 2015-04-27 02:32:10.931,-9223372036854775808,-9223372036854775808,-9223372036854775808,100,-15,-97,-9223372036854775808,-9223372036854775808,-9223372036854775808,100,-9223372036854775808,-9223372036854775808,-9223372036854775808,100, 
1,35, HTC, HTC6525LVW, FA4BSSF00582, D4:0B:1A:0A:DC:BB,990005013901161,1430116140001,1430116440075,300000, Pos5, Low_Power, 61:C4:6E:57:EA:63, ,44153300701173,1430072178192, 2015-04-26 14:16:18.192, 2015-04-27 02:32:11.492,-9223372036854775808,-9223372036854775808,-9223372036854775808,100,-15,-90,-9223372036854775808,-9223372036854775808,-9223372036854775808,100,-9223372036854775808,-9223372036854775808,-9223372036854775808,100, 
1,35, HTC, HTC6525LVW, FA4BSSF00582, D4:0B:1A:0A:DC:BB,990005013901161,1430116140001,1430116440075,300000, Pos2, Low_Power, 44:84:93:0A:88:A1, ,44153983329195,1430072178191, 2015-04-26 14:16:18.191, 2015-04-27 02:32:12.174,-9223372036854775808,-9223372036854775808,-9223372036854775808,100,-15,-91,-9223372036854775808,-9223372036854775808,-9223372036854775808,100,-9223372036854775808,-9223372036854775808,-9223372036854775808,100, 
1,35, HTC, HTC6525LVW, FA4BSSF00582, D4:0B:1A:0A:DC:BB,990005013901161,1430116140001,1430116440075,300000, Pos2, Low_Power, 44:84:93:0A:88:A1, ,44154989618359,1430072178192, 2015-04-26 14:16:18.192, 2015-04-27 02:32:13.181,-9223372036854775808,-9223372036854775808,-9223372036854775808,100,-15,-88,-9223372036854775808,-9223372036854775808,-9223372036854775808,100,-9223372036854775808,-9223372036854775808,-9223372036854775808,100, 
1,35, HTC, HTC6525LVW, FA4BSSF00582, D4:0B:1A:0A:DC:BB,990005013901161,1430116140001,1430116440075,300000, Pos6, Low_Power, 60:04:A8:FF:94:99, ,44162979208774,1430072178192, 2015-04-26 14:16:18.192, 2015-04-27 02:32:21.171,-9223372036854775808,-9223372036854775808,-9223372036854775808,100,-15,-96,-9223372036854775808,-9223372036854775808,-9223372036854775808,100,-9223372036854775808,-9223372036854775808,-9223372036854775808,100, 
1,35, HTC, HTC6525LVW, FA4BSSF00582, D4:0B:1A:0A:DC:BB,990005013901161,1430116140001,1430116440075,300000, Pos6, Low_Power, 60:04:A8:FF:94:99, ,44163981003409,1430072178191, 2015-04-26 14:16:18.191, 2015-04-27 02:32:22.172,-9223372036854775808,-9223372036854775808,-9223372036854775808,100,-15,-95,-9223372036854775808,-9223372036854775808,-9223372036854775808,100,-9223372036854775808,-9223372036854775808,-9223372036854775808,100, 
1,35, HTC, HTC6525LVW, FA4BSSF00582, D4:0B:1A:0A:DC:BB,990005013901161,1430116140001,1430116440075,300000, Pos8, Low_Power, 56:5A:AF:3F:BB:7F, ,44171195174604,1430072178191, 2015-04-26 14:16:18.191, 2015-04-27 02:32:29.386,-9223372036854775808,-9223372036854775808,-9223372036854775808,100,-15,-94,-9223372036854775808,-9223372036854775808,-9223372036854775808,100,-9223372036854775808,-9223372036854775808,-9223372036854775808,100, 
1,35, HTC, HTC6525LVW, FA4BSSF00582, D4:0B:1A:0A:DC:BB,990005013901161,1430116140001,1430116440075,300000, Pos1, Low_Power, 65:88:44:F4:6E:97, ,44171413801011,1430072178191, 2015-04-26 14:16:18.191, 2015-04-27 02:32:29.604,-9223372036854775808,-9223372036854775808,-9223372036854775808,100,-15,-86,-9223372036854775808,-9223372036854775808,-9223372036854775808,100,-9223372036854775808,-9223372036854775808,-9223372036854775808,100, 
1,35, HTC, HTC6525LVW, FA4BSSF00582, D4:0B:1A:0A:DC:BB,990005013901161,1430116140001,1430116440075,300000, Pos7, Low_Power, 48:68:DC:10:7D:6A, ,44171745316167,1430072178191, 2015-04-26 14:16:18.191, 2015-04-27 02:32:29.936,-9223372036854775808,-9223372036854775808,-9223372036854775808,100,-15,-96,-9223372036854775808,-9223372036854775808,-9223372036854775808,100,-9223372036854775808,-9223372036854775808,-9223372036854775808,100, 
1,35, HTC, HTC6525LVW, FA4BSSF00582, D4:0B:1A:0A:DC:BB,990005013901161,1430116140001,1430116440075,300000, Pos5, Low_Power, 61:C4:6E:57:EA:63, ,44172430578145,1430072178192, 2015-04-26 14:16:18.192, 2015-04-27 02:32:30.622,-9223372036854775808,-9223372036854775808,-9223372036854775808,100,-15,-90,-9223372036854775808,-9223372036854775808,-9223372036854775808,100,-9223372036854775808,-9223372036854775808,-9223372036854775808,100, 
1,35, HTC, HTC6525LVW, FA4BSSF00582, D4:0B:1A:0A:DC:BB,990005013901161,1430116140001,1430116440075,300000, Pos3, Low_Power, 5C:60:22:DD:21:10, ,44173887012572,1430072178191, 2015-04-26 14:16:18.191, 2015-04-27 02:32:32.078,-9223372036854775808,-9223372036854775808,-9223372036854775808,100,-15,-97,-9223372036854775808,-9223372036854775808,-9223372036854775808,100,-9223372036854775808,-9223372036854775808,-9223372036854775808,100, 
1,35, HTC, HTC6525LVW, FA4BSSF00582, D4:0B:1A:0A:DC:BB,990005013901161,1430116140001,1430116440075,300000, Pos3, Low_Power, 5C:60:22:DD:21:10, ,44174899925280,1430072178192, 2015-04-26 14:16:18.192, 2015-04-27 02:32:33.091,-9223372036854775808,-9223372036854775808,-9223372036854775808,100,-15,-94,-9223372036854775808,-9223372036854775808,-9223372036854775808,100,-9223372036854775808,-9223372036854775808,-9223372036854775808,100, 
1,35, HTC, HTC6525LVW, FA4BSSF00582, D4:0B:1A:0A:DC:BB,990005013901161,1430116140001,1430116440075,300000, Pos6, Low_Power, 60:04:A8:FF:94:99, ,44181094683403,1430072178192, 2015-04-26 14:16:18.192, 2015-04-27 02:32:39.286,-9223372036854775808,-9223372036854775808,-9223372036854775808,100,-15,-96,-9223372036854775808,-9223372036854775808,-9223372036854775808,100,-9223372036854775808,-9223372036854775808,-9223372036854775808,100, 
1,35, HTC, HTC6525LVW, FA4BSSF00582, D4:0B:1A:0A:DC:BB,990005013901161,1430116140001,1430116440075,300000, Pos6, Low_Power, 60:04:A8:FF:94:99, ,44182099741683,1430072178191, 2015-04-26 14:16:18.191, 2015-04-27 02:32:40.290,-9223372036854775808,-9223372036854775808,-9223372036854775808,100,-15,-94,-9223372036854775808,-9223372036854775808,-9223372036854775808,100,-9223372036854775808,-9223372036854775808,-9223372036854775808,100, 
1,35, HTC, HTC6525LVW, FA4BSSF00582, D4:0B:1A:0A:DC:BB,990005013901161,1430116140001,1430116440075,300000, Pos8, Low_Power, 56:5A:AF:3F:BB:7F, ,44190307345482,1430072178192, 2015-04-26 14:16:18.192, 2015-04-27 02:32:48.499,-9223372036854775808,-9223372036854775808,-9223372036854775808,100,-15,-97,-9223372036854775808,-9223372036854775808,-9223372036854775808,100,-9223372036854775808,-9223372036854775808,-9223372036854775808,100, 
1,35, HTC, HTC6525LVW, FA4BSSF00582, D4:0B:1A:0A:DC:BB,990005013901161,1430116140001,1430116440075,300000, Pos8, Low_Power, 56:5A:AF:3F:BB:7F, ,44191315729076,1430072178192, 2015-04-26 14:16:18.192, 2015-04-27 02:32:49.507,-9223372036854775808,-9223372036854775808,-9223372036854775808,100,-15,-93,-9223372036854775808,-9223372036854775808,-9223372036854775808,100,-9223372036854775808,-9223372036854775808,-9223372036854775808,100, 
1,35, HTC, HTC6525LVW, FA4BSSF00582, D4:0B:1A:0A:DC:BB,990005013901161,1430116140001,1430116440075,300000, Pos5, Low_Power, 61:C4:6E:57:EA:63, ,44191548924857,1430072178191, 2015-04-26 14:16:18.191, 2015-04-27 02:32:49.739,-9223372036854775808,-9223372036854775808,-9223372036854775808,100,-15,-93,-9223372036854775808,-9223372036854775808,-9223372036854775808,100,-9223372036854775808,-9223372036854775808,-9223372036854775808,100, 
1,35, HTC, HTC6525LVW, FA4BSSF00582, D4:0B:1A:0A:DC:BB,990005013901161,1430116140001,1430116440075,300000, Pos5, Low_Power, 61:C4:6E:57:EA:63, ,44192554630013,1430072178191, 2015-04-26 14:16:18.191, 2015-04-27 02:32:50.745,-9223372036854775808,-9223372036854775808,-9223372036854775808,100,-15,-95,-9223372036854775808,-9223372036854775808,-9223372036854775808,100,-9223372036854775808,-9223372036854775808,-9223372036854775808,100, 
1,35, HTC, HTC6525LVW, FA4BSSF00582, D4:0B:1A:0A:DC:BB,990005013901161,1430116140001,1430116440075,300000, Pos1, Low_Power, 65:88:44:F4:6E:97, ,44193569314804,1430072178191, 2015-04-26 14:16:18.191, 2015-04-27 02:32:51.760,-9223372036854775808,-9223372036854775808,-9223372036854775808,100,-15,-88,-9223372036854775808,-9223372036854775808,-9223372036854775808,100,-9223372036854775808,-9223372036854775808,-9223372036854775808,100, 
1,35, HTC, HTC6525LVW, FA4BSSF00582, D4:0B:1A:0A:DC:BB,990005013901161,1430116140001,1430116440075,300000, Pos3, Low_Power, 5C:60:22:DD:21:10, ,44194030506210,1430072178191, 2015-04-26 14:16:18.191, 2015-04-27 02:32:52.221,-9223372036854775808,-9223372036854775808,-9223372036854775808,100,-15,-97,-9223372036854775808,-9223372036854775808,-9223372036854775808,100,-9223372036854775808,-9223372036854775808,-9223372036854775808,100, 
1,35, HTC, HTC6525LVW, FA4BSSF00582, D4:0B:1A:0A:DC:BB,990005013901161,1430116140001,1430116440075,300000, Pos3, Low_Power, 5C:60:22:DD:21:10, ,44195037248762,1430072178192, 2015-04-26 14:16:18.192, 2015-04-27 02:32:53.229,-9223372036854775808,-9223372036854775808,-9223372036854775808,100,-15,-96,-9223372036854775808,-9223372036854775808,-9223372036854775808,100,-9223372036854775808,-9223372036854775808,-9223372036854775808,100, 
1,35, HTC, HTC6525LVW, FA4BSSF00582, D4:0B:1A:0A:DC:BB,990005013901161,1430116140001,1430116440075,300000, Pos2, Low_Power, 44:84:93:0A:88:A1, ,44198304093084,1430072178191, 2015-04-26 14:16:18.191, 2015-04-27 02:32:56.495,-9223372036854775808,-9223372036854775808,-9223372036854775808,100,-15,-94,-9223372036854775808,-9223372036854775808,-9223372036854775808,100,-9223372036854775808,-9223372036854775808,-9223372036854775808,100, 
1,35, HTC, HTC6525LVW, FA4BSSF00582, D4:0B:1A:0A:DC:BB,990005013901161,1430116140001,1430116440075,300000, Pos6, Low_Power, 60:04:A8:FF:94:99, ,44202244767405,1430072178191, 2015-04-26 14:16:18.191, 2015-04-27 02:33:00.435,-9223372036854775808,-9223372036854775808,-9223372036854775808,100,-15,-95,-9223372036854775808,-9223372036854775808,-9223372036854775808,100,-9223372036854775808,-9223372036854775808,-9223372036854775808,100, 
1,35, HTC, HTC6525LVW, FA4BSSF00582, D4:0B:1A:0A:DC:BB,990005013901161,1430116140001,1430116440075,300000, Pos6, Low_Power, 60:04:A8:FF:94:99, ,44203252817874,1430072178191, 2015-04-26 14:16:18.191, 2015-04-27 02:33:01.443,-9223372036854775808,-9223372036854775808,-9223372036854775808,100,-15,-96,-9223372036854775808,-9223372036854775808,-9223372036854775808,100,-9223372036854775808,-9223372036854775808,-9223372036854775808,100, 
1,35, HTC, HTC6525LVW, FA4BSSF00582, D4:0B:1A:0A:DC:BB,990005013901161,1430116140001,1430116440075,300000, Pos6, Low_Power, 60:04:A8:FF:94:99, ,44204259882925,1430072178191, 2015-04-26 14:16:18.191, 2015-04-27 02:33:02.450,-9223372036854775808,-9223372036854775808,-9223372036854775808,100,-15,-95,-9223372036854775808,-9223372036854775808,-9223372036854775808,100,-9223372036854775808,-9223372036854775808,-9223372036854775808,100, 
1,35, HTC, HTC6525LVW, FA4BSSF00582, D4:0B:1A:0A:DC:BB,990005013901161,1430116140001,1430116440075,300000, Pos8, Low_Power, 56:5A:AF:3F:BB:7F, ,44208432923497,1430072178191, 2015-04-26 14:16:18.191, 2015-04-27 02:33:06.623,-9223372036854775808,-9223372036854775808,-9223372036854775808,100,-15,-93,-9223372036854775808,-9223372036854775808,-9223372036854775808,100,-9223372036854775808,-9223372036854775808,-9223372036854775808,100, 
1,35, HTC, HTC6525LVW, FA4BSSF00582, D4:0B:1A:0A:DC:BB,990005013901161,1430116140001,1430116440075,300000, Pos8, Low_Power, 56:5A:AF:3F:BB:7F, ,44209443840892,1430072178191, 2015-04-26 14:16:18.191, 2015-04-27 02:33:07.634,-9223372036854775808,-9223372036854775808,-9223372036854775808,100,-15,-96,-9223372036854775808,-9223372036854775808,-9223372036854775808,100,-9223372036854775808,-9223372036854775808,-9223372036854775808,100, 
1,35, HTC, HTC6525LVW, FA4BSSF00582, D4:0B:1A:0A:DC:BB,990005013901161,1430116140001,1430116440075,300000, Pos5, Low_Power, 61:C4:6E:57:EA:63, ,44209669814329,1430072178192, 2015-04-26 14:16:18.192, 2015-04-27 02:33:07.861,-9223372036854775808,-9223372036854775808,-9223372036854775808,100,-15,-90,-9223372036854775808,-9223372036854775808,-9223372036854775808,100,-9223372036854775808,-9223372036854775808,-9223372036854775808,100, 
1,35, HTC, HTC6525LVW, FA4BSSF00582, D4:0B:1A:0A:DC:BB,990005013901161,1430116140001,1430116440075,300000, Pos8, Low_Power, 56:5A:AF:3F:BB:7F, ,44210451609381,1430072178191, 2015-04-26 14:16:18.191, 2015-04-27 02:33:08.642,-9223372036854775808,-9223372036854775808,-9223372036854775808,100,-15,-98,-9223372036854775808,-9223372036854775808,-9223372036854775808,100,-9223372036854775808,-9223372036854775808,-9223372036854775808,100, 
1,35, HTC, HTC6525LVW, FA4BSSF00582, D4:0B:1A:0A:DC:BB,990005013901161,1430116140001,1430116440075,300000, Pos5, Low_Power, 61:C4:6E:57:EA:63, ,44210676484537,1430072178191, 2015-04-26 14:16:18.191, 2015-04-27 02:33:08.867,-9223372036854775808,-9223372036854775808,-9223372036854775808,100,-15,-89,-9223372036854775808,-9223372036854775808,-9223372036854775808,100,-9223372036854775808,-9223372036854775808,-9223372036854775808,100, 
1,35, HTC, HTC6525LVW, FA4BSSF00582, D4:0B:1A:0A:DC:BB,990005013901161,1430116140001,1430116440075,300000, Pos1, Low_Power, 65:88:44:F4:6E:97, ,44212702724588,1430072178191, 2015-04-26 14:16:18.191, 2015-04-27 02:33:10.893,-9223372036854775808,-9223372036854775808,-9223372036854775808,100,-15,-90,-9223372036854775808,-9223372036854775808,-9223372036854775808,100,-9223372036854775808,-9223372036854775808,-9223372036854775808,100, 
1,35, HTC, HTC6525LVW, FA4BSSF00582, D4:0B:1A:0A:DC:BB,990005013901161,1430116140001,1430116440075,300000, Pos3, Low_Power, 5C:60:22:DD:21:10, ,44213156390317,1430072178192, 2015-04-26 14:16:18.192, 2015-04-27 02:33:11.348,-9223372036854775808,-9223372036854775808,-9223372036854775808,100,-15,-96,-9223372036854775808,-9223372036854775808,-9223372036854775808,100,-9223372036854775808,-9223372036854775808,-9223372036854775808,100, 
1,35, HTC, HTC6525LVW, FA4BSSF00582, D4:0B:1A:0A:DC:BB,990005013901161,1430116140001,1430116440075,300000, Pos7, Low_Power, 48:68:DC:10:7D:6A, ,44214049121775,1430072178191, 2015-04-26 14:16:18.191, 2015-04-27 02:33:12.240,-9223372036854775808,-9223372036854775808,-9223372036854775808,100,-15,-97,-9223372036854775808,-9223372036854775808,-9223372036854775808,100,-9223372036854775808,-9223372036854775808,-9223372036854775808,100, 
1,35, HTC, HTC6525LVW, FA4BSSF00582, D4:0B:1A:0A:DC:BB,990005013901161,1430116140001,1430116440075,300000, Pos3, Low_Power, 5C:60:22:DD:21:10, ,44214162712974,1430072178191, 2015-04-26 14:16:18.191, 2015-04-27 02:33:12.353,-9223372036854775808,-9223372036854775808,-9223372036854775808,100,-15,-95,-9223372036854775808,-9223372036854775808,-9223372036854775808,100,-9223372036854775808,-9223372036854775808,-9223372036854775808,100, 
1,35, HTC, HTC6525LVW, FA4BSSF00582, D4:0B:1A:0A:DC:BB,990005013901161,1430116140001,1430116440075,300000, Pos2, Low_Power, 44:84:93:0A:88:A1, ,44217435450108,1430072178191, 2015-04-26 14:16:18.191, 2015-04-27 02:33:15.626,-9223372036854775808,-9223372036854775808,-9223372036854775808,100,-15,-90,-9223372036854775808,-9223372036854775808,-9223372036854775808,100,-9223372036854775808,-9223372036854775808,-9223372036854775808,100, 
1,35, HTC, HTC6525LVW, FA4BSSF00582, D4:0B:1A:0A:DC:BB,990005013901161,1430116140001,1430116440075,300000, Pos2, Low_Power, 44:84:93:0A:88:A1, ,44218437414899,1430072178192, 2015-04-26 14:16:18.192, 2015-04-27 02:33:16.629,-9223372036854775808,-9223372036854775808,-9223372036854775808,100,-15,-91,-9223372036854775808,-9223372036854775808,-9223372036854775808,100,-9223372036854775808,-9223372036854775808,-9223372036854775808,100, 
1,35, HTC, HTC6525LVW, FA4BSSF00582, D4:0B:1A:0A:DC:BB,990005013901161,1430116140001,1430116440075,300000, Pos6, Low_Power, 60:04:A8:FF:94:99, ,44222382407502,1430072178191, 2015-04-26 14:16:18.191, 2015-04-27 02:33:20.573,-9223372036854775808,-9223372036854775808,-9223372036854775808,100,-15,-96,-9223372036854775808,-9223372036854775808,-9223372036854775808,100,-9223372036854775808,-9223372036854775808,-9223372036854775808,100, 
1,35, HTC, HTC6525LVW, FA4BSSF00582, D4:0B:1A:0A:DC:BB,990005013901161,1430116140001,1430116440075,300000, Pos6, Low_Power, 60:04:A8:FF:94:99, ,44223387187501,1430072178191, 2015-04-26 14:16:18.191, 2015-04-27 02:33:21.578,-9223372036854775808,-9223372036854775808,-9223372036854775808,100,-15,-96,-9223372036854775808,-9223372036854775808,-9223372036854775808,100,-9223372036854775808,-9223372036854775808,-9223372036854775808,100, 
1,35, HTC, HTC6525LVW, FA4BSSF00582, D4:0B:1A:0A:DC:BB,990005013901161,1430116140001,1430116440075,300000, Pos8, Low_Power, 56:5A:AF:3F:BB:7F, ,44228560505207,1430072178191, 2015-04-26 14:16:18.191, 2015-04-27 02:33:26.751,-9223372036854775808,-9223372036854775808,-9223372036854775808,100,-15,-100,-9223372036854775808,-9223372036854775808,-9223372036854775808,100,-9223372036854775808,-9223372036854775808,-9223372036854775808,100, 
1,35, HTC, HTC6525LVW, FA4BSSF00582, D4:0B:1A:0A:DC:BB,990005013901161,1430116140001,1430116440075,300000, Pos8, Low_Power, 56:5A:AF:3F:BB:7F, ,44229587916613,1430072178191, 2015-04-26 14:16:18.191, 2015-04-27 02:33:27.778,-9223372036854775808,-9223372036854775808,-9223372036854775808,100,-15,-98,-9223372036854775808,-9223372036854775808,-9223372036854775808,100,-9223372036854775808,-9223372036854775808,-9223372036854775808,100, 
1,35, HTC, HTC6525LVW, FA4BSSF00582, D4:0B:1A:0A:DC:BB,990005013901161,1430116140001,1430116440075,300000, Pos5, Low_Power, 61:C4:6E:57:EA:63, ,44231820371248,1430072178192, 2015-04-26 14:16:18.192, 2015-04-27 02:33:30.012,-9223372036854775808,-9223372036854775808,-9223372036854775808,100,-15,-92,-9223372036854775808,-9223372036854775808,-9223372036854775808,100,-9223372036854775808,-9223372036854775808,-9223372036854775808,100, 
1,35, HTC, HTC6525LVW, FA4BSSF00582, D4:0B:1A:0A:DC:BB,990005013901161,1430116140001,1430116440075,300000, Pos1, Low_Power, 65:88:44:F4:6E:97, ,44231827557706,1430072178191, 2015-04-26 14:16:18.191, 2015-04-27 02:33:30.018,-9223372036854775808,-9223372036854775808,-9223372036854775808,100,-15,-87,-9223372036854775808,-9223372036854775808,-9223372036854775808,100,-9223372036854775808,-9223372036854775808,-9223372036854775808,100, 
1,35, HTC, HTC6525LVW, FA4BSSF00582, D4:0B:1A:0A:DC:BB,990005013901161,1430116140001,1430116440075,300000, Pos5, Low_Power, 61:C4:6E:57:EA:63, ,44232835244842,1430072178192, 2015-04-26 14:16:18.192, 2015-04-27 02:33:31.027,-9223372036854775808,-9223372036854775808,-9223372036854775808,100,-15,-96,-9223372036854775808,-9223372036854775808,-9223372036854775808,100,-9223372036854775808,-9223372036854775808,-9223372036854775808,100, 
1,35, HTC, HTC6525LVW, FA4BSSF00582, D4:0B:1A:0A:DC:BB,990005013901161,1430116140001,1430116440075,300000, Pos7, Low_Power, 48:68:DC:10:7D:6A, ,44233173660415,1430072178192, 2015-04-26 14:16:18.192, 2015-04-27 02:33:31.365,-9223372036854775808,-9223372036854775808,-9223372036854775808,100,-15,-98,-9223372036854775808,-9223372036854775808,-9223372036854775808,100,-9223372036854775808,-9223372036854775808,-9223372036854775808,100, 
1,35, HTC, HTC6525LVW, FA4BSSF00582, D4:0B:1A:0A:DC:BB,990005013901161,1430116140001,1430116440075,300000, Pos3, Low_Power, 5C:60:22:DD:21:10, ,44233288307185,1430072178191, 2015-04-26 14:16:18.191, 2015-04-27 02:33:31.479,-9223372036854775808,-9223372036854775808,-9223372036854775808,100,-15,-98,-9223372036854775808,-9223372036854775808,-9223372036854775808,100,-9223372036854775808,-9223372036854775808,-9223372036854775808,100, 
1,35, HTC, HTC6525LVW, FA4BSSF00582, D4:0B:1A:0A:DC:BB,990005013901161,1430116140001,1430116440075,300000, Pos2, Low_Power, 44:84:93:0A:88:A1, ,44236557882027,1430072178191, 2015-04-26 14:16:18.191, 2015-04-27 02:33:34.748,-9223372036854775808,-9223372036854775808,-9223372036854775808,100,-15,-92,-9223372036854775808,-9223372036854775808,-9223372036854775808,100,-9223372036854775808,-9223372036854775808,-9223372036854775808,100, 
1,35, HTC, HTC6525LVW, FA4BSSF00582, D4:0B:1A:0A:DC:BB,990005013901161,1430116140001,1430116440075,300000, Pos2, Low_Power, 44:84:93:0A:88:A1, ,44237561667495,1430072178191, 2015-04-26 14:16:18.191, 2015-04-27 02:33:35.752,-9223372036854775808,-9223372036854775808,-9223372036854775808,100,-15,-92,-9223372036854775808,-9223372036854775808,-9223372036854775808,100,-9223372036854775808,-9223372036854775808,-9223372036854775808,100, 
1,35, HTC, HTC6525LVW, FA4BSSF00582, D4:0B:1A:0A:DC:BB,990005013901161,1430116140001,1430116440075,300000, Pos6, Low_Power, 60:04:A8:FF:94:99, ,44242516877390,1430072178191, 2015-04-26 14:16:18.191, 2015-04-27 02:33:40.707,-9223372036854775808,-9223372036854775808,-9223372036854775808,100,-15,-99,-9223372036854775808,-9223372036854775808,-9223372036854775808,100,-9223372036854775808,-9223372036854775808,-9223372036854775808,100, 
1,35, HTC, HTC6525LVW, FA4BSSF00582, D4:0B:1A:0A:DC:BB,990005013901161,1430116140001,1430116440075,300000, Pos6, Low_Power, 60:04:A8:FF:94:99, ,44243526395358,1430072178191, 2015-04-26 14:16:18.191, 2015-04-27 02:33:41.717,-9223372036854775808,-9223372036854775808,-9223372036854775808,100,-15,-95,-9223372036854775808,-9223372036854775808,-9223372036854775808,100,-9223372036854775808,-9223372036854775808,-9223372036854775808,100, 
1,35, HTC, HTC6525LVW, FA4BSSF00582, D4:0B:1A:0A:DC:BB,990005013901161,1430116140001,1430116440075,300000, Pos5, Low_Power, 61:C4:6E:57:EA:63, ,44250955542907,1430072178192, 2015-04-26 14:16:18.192, 2015-04-27 02:33:49.147,-9223372036854775808,-9223372036854775808,-9223372036854775808,100,-15,-92,-9223372036854775808,-9223372036854775808,-9223372036854775808,100,-9223372036854775808,-9223372036854775808,-9223372036854775808,100, 
1,35, HTC, HTC6525LVW, FA4BSSF00582, D4:0B:1A:0A:DC:BB,990005013901161,1430116140001,1430116440075,300000, Pos8, Low_Power, 56:5A:AF:3F:BB:7F, ,44251736019366,1430072178192, 2015-04-26 14:16:18.192, 2015-04-27 02:33:49.928,-9223372036854775808,-9223372036854775808,-9223372036854775808,100,-15,-94,-9223372036854775808,-9223372036854775808,-9223372036854775808,100,-9223372036854775808,-9223372036854775808,-9223372036854775808,100, 
1,35, HTC, HTC6525LVW, FA4BSSF00582, D4:0B:1A:0A:DC:BB,990005013901161,1430116140001,1430116440075,300000, Pos1, Low_Power, 65:88:44:F4:6E:97, ,44251961572229,1430072178191, 2015-04-26 14:16:18.191, 2015-04-27 02:33:50.152,-9223372036854775808,-9223372036854775808,-9223372036854775808,100,-15,-87,-9223372036854775808,-9223372036854775808,-9223372036854775808,100,-9223372036854775808,-9223372036854775808,-9223372036854775808,100, 
1,35, HTC, HTC6525LVW, FA4BSSF00582, D4:0B:1A:0A:DC:BB,990005013901161,1430116140001,1430116440075,300000, Pos5, Low_Power, 61:C4:6E:57:EA:63, ,44251972851760,1430072178191, 2015-04-26 14:16:18.191, 2015-04-27 02:33:50.163,-9223372036854775808,-9223372036854775808,-9223372036854775808,100,-15,-94,-9223372036854775808,-9223372036854775808,-9223372036854775808,100,-9223372036854775808,-9223372036854775808,-9223372036854775808,100, 
1,35, HTC, HTC6525LVW, FA4BSSF00582, D4:0B:1A:0A:DC:BB,990005013901161,1430116140001,1430116440075,300000, Pos7, Low_Power, 48:68:DC:10:7D:6A, ,44252302893271,1430072178192, 2015-04-26 14:16:18.192, 2015-04-27 02:33:50.494,-9223372036854775808,-9223372036854775808,-9223372036854775808,100,-15,-99,-9223372036854775808,-9223372036854775808,-9223372036854775808,100,-9223372036854775808,-9223372036854775808,-9223372036854775808,100, 
1,35, HTC, HTC6525LVW, FA4BSSF00582, D4:0B:1A:0A:DC:BB,990005013901161,1430116140001,1430116440075,300000, Pos3, Low_Power, 5C:60:22:DD:21:10, ,44254444972646,1430072178191, 2015-04-26 14:16:18.191, 2015-04-27 02:33:52.635,-9223372036854775808,-9223372036854775808,-9223372036854775808,100,-15,-98,-9223372036854775808,-9223372036854775808,-9223372036854775808,100,-9223372036854775808,-9223372036854775808,-9223372036854775808,100, 
1,35, HTC, HTC6525LVW, FA4BSSF00582, D4:0B:1A:0A:DC:BB,990005013901161,1430116140001,1430116440075,300000, Pos3, Low_Power, 5C:60:22:DD:21:10, ,44255448050509,1430072178191, 2015-04-26 14:16:18.191, 2015-04-27 02:33:53.639,-9223372036854775808,-9223372036854775808,-9223372036854775808,100,-15,-99,-9223372036854775808,-9223372036854775808,-9223372036854775808,100,-9223372036854775808,-9223372036854775808,-9223372036854775808,100, 
1,35, HTC, HTC6525LVW, FA4BSSF00582, D4:0B:1A:0A:DC:BB,990005013901161,1430116140001,1430116440075,300000, Pos2, Low_Power, 44:84:93:0A:88:A1, ,44255681024832,1430072178192, 2015-04-26 14:16:18.192, 2015-04-27 02:33:53.873,-9223372036854775808,-9223372036854775808,-9223372036854775808,100,-15,-91,-9223372036854775808,-9223372036854775808,-9223372036854775808,100,-9223372036854775808,-9223372036854775808,-9223372036854775808,100, 
1,35, HTC, HTC6525LVW, FA4BSSF00582, D4:0B:1A:0A:DC:BB,990005013901161,1430116140001,1430116440075,300000, Pos3, Low_Power, 5C:60:22:DD:21:10, ,44256460366290,1430072178191, 2015-04-26 14:16:18.191, 2015-04-27 02:33:54.651,-9223372036854775808,-9223372036854775808,-9223372036854775808,100,-15,-96,-9223372036854775808,-9223372036854775808,-9223372036854775808,100,-9223372036854775808,-9223372036854775808,-9223372036854775808,100, 
1,35, HTC, HTC6525LVW, FA4BSSF00582, D4:0B:1A:0A:DC:BB,990005013901161,1430116140001,1430116440075,300000, Pos2, Low_Power, 44:84:93:0A:88:A1, ,44256687809571,1430072178191, 2015-04-26 14:16:18.191, 2015-04-27 02:33:54.878,-9223372036854775808,-9223372036854775808,-9223372036854775808,100,-15,-91,-9223372036854775808,-9223372036854775808,-9223372036854775808,100,-9223372036854775808,-9223372036854775808,-9223372036854775808,100, 
